Transaction ID,Date,Customer ID,Product Category,Quantity,Price per Unit,Total Amount
1,2023-11-24,CUST001,Beauty,3,50,150
2,2023-02-27,CUST002,Clothing,2,500,1000
3,2023-01-13,CUST003,Electronics,1,30,30
4,2023-05-21,CUST004,Clothing,1,500,500
5,2023-05-06,CUST005,Beauty,2,50,100
6,2023-04-25,CUST006,Beauty,1,30,30
7,2023-03-13,CUST007,Clothing,2,25,50
8,2023-02-22,CUST008,Electronics,4,25,100
9,2023-12-13,CUST009,Electronics,2,300,600
10,2023-10-07,CUST010,Clothing,4,50,200
11,2023-02-14,CUST011,Clothing,2,50,100
12,2023-10-30,CUST012,Beauty,3,25,75
13,2023-08-05,CUST013,Electronics,3,500,1500
14,2023-01-17,CUST014,Clothing,4,30,120
15,2023-01-16,CUST015,Electronics,4,500,2000
16,2023-02-17,CUST016,Clothing,3,500,1500
17,2023-04-22,CUST017,Clothing,4,25,100
18,2023-04-30,CUST018,Electronics,2,25,50
19,2023-09-16,CUST019,Clothing,2,25,50
20,2023-11-05,CUST020,Clothing,3,300,900
21,2023-01-14,CUST021,Beauty,1,500,500
22,2023-10-15,CUST022,Clothing,2,50,100
23,2023-04-12,CUST023,Clothing,4,30,120
24,2023-11-29,CUST024,Clothing,1,300,300
25,2023-12-26,CUST025,Beauty,1,50,50
26,2023-10-07,CUST026,Electronics,2,500,1000
27,2023-08-03,CUST027,Beauty,2,25,50
28,2023-04-23,CUST028,Beauty,1,500,500
29,2023-08-18,CUST029,Electronics,1,30,30
30,2023-10-29,CUST030,Beauty,3,300,900
31,2023-05-23,CUST031,Electronics,4,300,1200
32,2023-01-04,CUST032,Beauty,3,30,90
33,2023-03-23,CUST033,Electronics,2,50,100
34,2023-12-24,CUST034,Clothing,3,50,150
35,2023-08-05,CUST035,Beauty,3,300,900
36,2023-06-24,CUST036,Beauty,3,300,900
37,2023-05-23,CUST037,Beauty,3,25,75
38,2023-03-21,CUST038,Beauty,4,50,200
39,2023-04-21,CUST039,Clothing,4,30,120
40,2023-06-22,CUST040,Beauty,1,50,50
41,2023-02-22,CUST041,Clothing,2,25,50
42,2023-02-17,CUST042,Clothing,3,300,900
43,2023-07-14,CUST043,Clothing,1,300,300
44,2023-02-19,CUST044,Clothing,1,25,25
45,2023-07-03,CUST045,Electronics,1,30,30
46,2023-06-26,CUST046,Electronics,4,300,1200
47,2023-11-06,CUST047,Beauty,3,500,1500
48,2023-05-16,CUST048,Electronics,3,300,900
49,2023-01-23,CUST049,Electronics,2,500,1000
50,2023-08-24,CUST050,Beauty,3,25,75
51,2023-10-02,CUST051,Beauty,3,25,75
52,2023-03-05,CUST052,Beauty,1,300,300
53,2023-07-13,CUST053,Electronics,2,50,100
54,2023-02-10,CUST054,Electronics,3,500,1500
55,2023-10-10,CUST055,Beauty,4,30,120
56,2023-05-31,CUST056,Clothing,3,300,900
57,2023-11-18,CUST057,Beauty,1,30,30
58,2023-11-13,CUST058,Clothing,4,300,1200
59,2023-07-05,CUST059,Clothing,1,50,50
60,2023-10-23,CUST060,Beauty,3,50,150
61,2023-04-09,CUST061,Beauty,4,50,200
62,2023-12-27,CUST062,Beauty,2,50,100
63,2023-02-05,CUST063,Electronics,2,25,50
64,2023-01-24,CUST064,Clothing,4,25,100
65,2023-12-05,CUST065,Electronics,4,500,2000
66,2023-04-27,CUST066,Electronics,1,30,30
67,2023-05-29,CUST067,Beauty,4,300,1200
68,2023-02-10,CUST068,Electronics,1,300,300
69,2023-04-30,CUST069,Beauty,3,25,75
70,2023-02-21,CUST070,Clothing,1,300,300
71,2023-07-14,CUST071,Beauty,4,25,100
72,2023-05-23,CUST072,Electronics,4,500,2000
73,2023-08-21,CUST073,Electronics,3,30,90
74,2023-11-22,CUST074,Beauty,4,500,2000
75,2023-07-06,CUST075,Beauty,4,50,200
76,2023-03-25,CUST076,Electronics,2,50,100
77,2023-07-09,CUST077,Clothing,2,50,100
78,2023-07-01,CUST078,Clothing,3,500,1500
79,2023-04-18,CUST079,Beauty,1,300,300
80,2023-12-10,CUST080,Clothing,2,30,60
81,2023-05-17,CUST081,Electronics,1,50,50
82,2023-12-26,CUST082,Beauty,4,50,200
83,2023-12-16,CUST083,Electronics,2,50,100
84,2023-11-28,CUST084,Electronics,3,30,90
85,2023-02-06,CUST085,Clothing,3,50,150
86,2023-11-08,CUST086,Beauty,3,30,90
87,2023-11-22,CUST087,Beauty,2,50,100
88,2023-03-29,CUST088,Clothing,1,500,500
89,2023-10-01,CUST089,Electronics,4,500,2000
90,2023-05-06,CUST090,Electronics,1,30,30
91,2023-03-25,CUST091,Electronics,1,500,500
92,2023-08-25,CUST092,Electronics,4,30,120
93,2023-07-14,CUST093,Beauty,4,500,2000
94,2023-05-19,CUST094,Beauty,2,500,1000
95,2023-11-24,CUST095,Clothing,2,30,60
96,2023-12-19,CUST096,Clothing,2,300,600
97,2023-10-13,CUST097,Beauty,2,500,1000
98,2023-04-23,CUST098,Beauty,2,50,100
99,2023-12-17,CUST099,Electronics,4,300,1200
100,2023-06-16,CUST100,Electronics,1,30,30
101,2023-01-29,CUST101,Clothing,2,300,600
102,2023-04-28,CUST102,Beauty,2,25,50
103,2023-01-17,CUST103,Clothing,1,25,25
104,2023-06-11,CUST104,Beauty,2,500,1000
105,2023-07-25,CUST105,Electronics,1,500,500
106,2023-05-18,CUST106,Clothing,1,50,50
107,2023-02-03,CUST107,Clothing,4,300,1200
108,2023-04-19,CUST108,Beauty,3,25,75
109,2023-10-18,CUST109,Electronics,4,500,2000
110,2023-06-11,CUST110,Clothing,3,300,900
111,2023-04-19,CUST111,Electronics,3,500,1500
112,2023-12-02,CUST112,Clothing,3,500,1500
113,2023-09-13,CUST113,Electronics,2,25,50
114,2023-07-22,CUST114,Beauty,4,25,100
115,2023-11-26,CUST115,Clothing,3,500,1500
116,2023-08-23,CUST116,Clothing,1,30,30
117,2023-03-15,CUST117,Electronics,2,500,1000
118,2023-05-16,CUST118,Electronics,4,500,2000
119,2023-03-13,CUST119,Clothing,3,50,150
120,2023-05-07,CUST120,Beauty,1,50,50
121,2023-10-15,CUST121,Electronics,4,50,200
122,2023-10-03,CUST122,Electronics,4,30,120
123,2023-05-15,CUST123,Electronics,2,30,60
124,2023-10-27,CUST124,Clothing,4,500,2000
125,2023-08-08,CUST125,Clothing,2,50,100
126,2023-10-26,CUST126,Clothing,3,30,90
127,2023-07-24,CUST127,Clothing,2,25,50
128,2023-07-05,CUST128,Beauty,1,500,500
129,2023-04-23,CUST129,Beauty,2,300,600
130,2023-03-12,CUST130,Clothing,1,500,500
131,2023-09-18,CUST131,Beauty,2,300,600
132,2023-09-10,CUST132,Electronics,4,50,200
133,2023-02-16,CUST133,Electronics,3,300,900
134,2023-01-25,CUST134,Electronics,1,50,50
135,2023-02-26,CUST135,Clothing,2,25,50
136,2023-03-20,CUST136,Electronics,2,300,600
137,2023-11-18,CUST137,Beauty,2,500,1000
138,2023-03-23,CUST138,Clothing,4,50,200
139,2023-12-15,CUST139,Beauty,4,500,2000
140,2023-08-05,CUST140,Electronics,1,30,30
141,2023-11-02,CUST141,Electronics,1,50,50
142,2023-02-02,CUST142,Electronics,4,300,1200
143,2023-07-17,CUST143,Clothing,1,50,50
144,2023-07-15,CUST144,Beauty,3,500,1500
145,2023-11-02,CUST145,Clothing,3,25,75
146,2023-08-28,CUST146,Clothing,4,50,200
147,2023-09-28,CUST147,Electronics,1,300,300
148,2023-05-09,CUST148,Clothing,2,30,60
149,2023-10-11,CUST149,Clothing,3,25,75
150,2023-01-06,CUST150,Electronics,4,30,120
151,2023-12-15,CUST151,Clothing,1,50,50
152,2023-02-28,CUST152,Electronics,4,500,2000
153,2023-12-16,CUST153,Electronics,2,500,1000
154,2023-10-02,CUST154,Electronics,3,300,900
155,2023-05-17,CUST155,Electronics,4,500,2000
156,2023-11-25,CUST156,Clothing,4,25,100
157,2023-06-24,CUST157,Electronics,4,500,2000
158,2023-02-27,CUST158,Electronics,2,300,600
159,2023-05-31,CUST159,Clothing,4,50,200
160,2023-08-11,CUST160,Clothing,2,50,100
161,2023-03-22,CUST161,Beauty,2,500,1000
162,2023-08-21,CUST162,Clothing,2,30,60
163,2023-01-02,CUST163,Clothing,3,50,150
164,2023-05-15,CUST164,Beauty,3,500,1500
165,2023-09-14,CUST165,Clothing,4,300,1200
166,2023-04-02,CUST166,Clothing,4,500,2000
167,2023-09-17,CUST167,Clothing,3,50,150
168,2023-02-24,CUST168,Clothing,1,300,300
169,2023-11-17,CUST169,Beauty,3,500,1500
170,2023-06-02,CUST170,Clothing,2,25,50
171,2023-11-24,CUST171,Clothing,3,300,900
172,2023-09-17,CUST172,Beauty,2,25,50
173,2023-11-08,CUST173,Electronics,4,30,120
174,2023-04-12,CUST174,Beauty,1,300,300
175,2023-03-20,CUST175,Electronics,4,25,100
176,2023-07-11,CUST176,Beauty,2,50,100
177,2023-03-24,CUST177,Beauty,2,50,100
178,2023-10-04,CUST178,Clothing,2,30,60
179,2023-09-29,CUST179,Electronics,1,300,300
180,2023-01-01,CUST180,Clothing,3,300,900
181,2023-11-03,CUST181,Electronics,4,300,1200
182,2023-06-15,CUST182,Beauty,4,30,120
183,2023-09-08,CUST183,Beauty,3,300,900
184,2023-01-10,CUST184,Electronics,4,50,200
185,2023-02-27,CUST185,Clothing,1,25,25
186,2023-07-05,CUST186,Clothing,4,50,200
187,2023-06-07,CUST187,Clothing,2,50,100
188,2023-05-03,CUST188,Clothing,3,25,75
189,2023-01-30,CUST189,Beauty,1,50,50
190,2023-05-04,CUST190,Beauty,3,30,90
191,2023-10-18,CUST191,Beauty,1,25,25
192,2023-02-10,CUST192,Beauty,2,50,100
193,2023-02-13,CUST193,Beauty,3,500,1500
194,2023-09-06,CUST194,Clothing,4,50,200
195,2023-02-05,CUST195,Clothing,1,30,30
196,2023-09-30,CUST196,Clothing,3,300,900
197,2023-03-06,CUST197,Clothing,4,50,200
198,2023-03-07,CUST198,Beauty,3,300,900
199,2023-12-04,CUST199,Beauty,3,500,1500
200,2023-09-01,CUST200,Beauty,3,50,150
201,2023-10-09,CUST201,Electronics,1,25,25
202,2023-03-26,CUST202,Clothing,4,300,1200
203,2023-05-16,CUST203,Clothing,2,500,1000
204,2023-09-28,CUST204,Beauty,1,25,25
205,2023-11-07,CUST205,Clothing,1,25,25
206,2023-08-05,CUST206,Clothing,1,25,25
207,2023-04-19,CUST207,Beauty,2,25,50
208,2023-10-04,CUST208,Electronics,4,50,200
209,2023-12-20,CUST209,Electronics,4,50,200
210,2023-04-13,CUST210,Electronics,4,50,200
211,2024-01-01,CUST211,Beauty,3,500,1500
212,2023-06-09,CUST212,Clothing,3,500,1500
213,2023-07-24,CUST213,Beauty,3,500,1500
214,2023-12-10,CUST214,Beauty,2,30,60
215,2023-11-29,CUST215,Clothing,3,500,1500
216,2023-07-11,CUST216,Electronics,2,50,100
217,2023-08-13,CUST217,Electronics,4,50,200
218,2023-09-22,CUST218,Beauty,3,30,90
219,2023-08-20,CUST219,Electronics,3,30,90
220,2023-03-03,CUST220,Beauty,1,500,500
221,2023-05-07,CUST221,Beauty,2,300,600
222,2023-04-26,CUST222,Clothing,4,30,120
223,2023-02-02,CUST223,Clothing,1,25,25
224,2023-06-23,CUST224,Clothing,1,50,50
225,2023-01-11,CUST225,Beauty,4,25,100
226,2023-10-29,CUST226,Clothing,1,50,50
227,2023-10-11,CUST227,Electronics,2,50,100
228,2023-04-28,CUST228,Electronics,2,30,60
229,2023-10-29,CUST229,Beauty,3,30,90
230,2023-04-23,CUST230,Beauty,1,25,25
231,2023-01-04,CUST231,Clothing,3,50,150
232,2023-02-06,CUST232,Beauty,1,25,25
233,2023-12-29,CUST233,Beauty,2,300,600
234,2023-11-20,CUST234,Electronics,2,25,50
235,2023-01-31,CUST235,Electronics,2,500,1000
236,2023-04-28,CUST236,Clothing,1,25,25
237,2023-02-04,CUST237,Beauty,2,500,1000
238,2023-01-17,CUST238,Beauty,1,500,500
239,2023-06-19,CUST239,Electronics,3,500,1500
240,2023-02-06,CUST240,Beauty,1,300,300
241,2023-09-21,CUST241,Electronics,3,25,75
242,2023-05-02,CUST242,Clothing,1,25,25
243,2023-05-23,CUST243,Electronics,3,300,900
244,2023-12-09,CUST244,Beauty,2,50,100
245,2023-09-06,CUST245,Clothing,3,30,90
246,2023-04-20,CUST246,Electronics,2,25,50
247,2023-10-04,CUST247,Electronics,2,30,60
248,2023-03-09,CUST248,Clothing,3,300,900
249,2023-10-20,CUST249,Clothing,1,50,50
250,2023-10-23,CUST250,Electronics,1,50,50
251,2023-08-31,CUST251,Beauty,4,50,200
252,2023-05-05,CUST252,Electronics,1,300,300
253,2023-08-31,CUST253,Clothing,4,500,2000
254,2023-07-28,CUST254,Electronics,1,500,500
255,2023-04-08,CUST255,Clothing,1,30,30
256,2023-02-18,CUST256,Clothing,2,500,1000
257,2023-02-19,CUST257,Beauty,4,500,2000
258,2023-12-04,CUST258,Clothing,1,50,50
259,2023-08-09,CUST259,Clothing,4,50,200
260,2023-07-01,CUST260,Beauty,2,30,60
261,2023-08-05,CUST261,Clothing,2,25,50
262,2023-07-30,CUST262,Beauty,4,30,120
263,2023-08-28,CUST263,Beauty,2,30,60
264,2023-01-28,CUST264,Clothing,3,300,900
265,2023-12-11,CUST265,Clothing,3,300,900
266,2023-12-01,CUST266,Electronics,2,30,60
267,2023-11-27,CUST267,Beauty,3,30,90
268,2023-02-20,CUST268,Electronics,1,30,30
269,2023-02-01,CUST269,Clothing,4,500,2000
270,2023-07-26,CUST270,Electronics,1,300,300
271,2023-06-23,CUST271,Beauty,4,30,120
272,2023-02-25,CUST272,Electronics,2,50,100
273,2023-05-08,CUST273,Beauty,1,50,50
274,2023-04-09,CUST274,Clothing,2,500,1000
275,2023-04-08,CUST275,Clothing,2,500,1000
276,2023-10-02,CUST276,Beauty,4,25,100
277,2023-08-18,CUST277,Clothing,4,25,100
278,2023-03-13,CUST278,Clothing,4,25,100
279,2023-08-05,CUST279,Clothing,1,500,500
280,2023-04-04,CUST280,Clothing,3,500,1500
281,2023-05-23,CUST281,Beauty,4,500,2000
282,2023-08-25,CUST282,Electronics,4,50,200
283,2023-05-08,CUST283,Electronics,1,500,500
284,2023-02-08,CUST284,Clothing,4,50,200
285,2023-08-15,CUST285,Electronics,1,25,25
286,2023-10-09,CUST286,Electronics,2,25,50
287,2023-02-20,CUST287,Clothing,4,25,100
288,2023-01-26,CUST288,Clothing,4,30,120
289,2023-11-30,CUST289,Electronics,2,30,60
290,2023-10-04,CUST290,Beauty,2,300,600
291,2023-01-08,CUST291,Clothing,2,300,600
292,2023-02-17,CUST292,Beauty,4,300,1200
293,2023-05-02,CUST293,Electronics,3,30,90
294,2023-03-27,CUST294,Clothing,3,30,90
295,2023-07-28,CUST295,Beauty,3,300,900
296,2023-09-06,CUST296,Clothing,4,300,1200
297,2023-09-04,CUST297,Electronics,2,500,1000
298,2023-04-20,CUST298,Beauty,4,300,1200
299,2023-07-25,CUST299,Electronics,2,500,1000
300,2023-01-31,CUST300,Electronics,4,50,200
301,2023-03-26,CUST301,Clothing,4,30,120
302,2023-07-14,CUST302,Beauty,2,300,600
303,2023-01-02,CUST303,Electronics,3,30,90
304,2023-07-19,CUST304,Electronics,2,30,60
305,2023-05-16,CUST305,Beauty,1,30,30
306,2023-08-21,CUST306,Electronics,1,50,50
307,2023-05-27,CUST307,Electronics,2,25,50
308,2023-08-05,CUST308,Beauty,4,300,1200
309,2023-12-23,CUST309,Beauty,1,25,25
310,2023-10-12,CUST310,Beauty,1,25,25
311,2023-12-05,CUST311,Beauty,4,25,100
312,2023-09-07,CUST312,Clothing,4,30,120
313,2023-03-21,CUST313,Beauty,3,500,1500
314,2023-04-08,CUST314,Clothing,4,30,120
315,2023-06-01,CUST315,Clothing,2,30,60
316,2023-04-22,CUST316,Clothing,2,25,50
317,2023-01-30,CUST317,Electronics,3,30,90
318,2023-10-24,CUST318,Clothing,1,25,25
319,2023-10-05,CUST319,Clothing,1,500,500
320,2023-02-01,CUST320,Electronics,4,300,1200
321,2023-06-10,CUST321,Electronics,2,25,50
322,2023-01-30,CUST322,Electronics,1,500,500
323,2023-01-26,CUST323,Beauty,3,300,900
324,2023-10-27,CUST324,Electronics,3,50,150
325,2023-09-02,CUST325,Electronics,2,25,50
326,2023-09-15,CUST326,Clothing,3,25,75
327,2023-09-29,CUST327,Electronics,3,50,150
328,2023-03-22,CUST328,Beauty,2,50,100
329,2023-01-30,CUST329,Electronics,4,25,100
330,2023-09-18,CUST330,Beauty,4,50,200
331,2023-02-11,CUST331,Electronics,3,30,90
332,2023-04-06,CUST332,Electronics,4,300,1200
333,2023-02-05,CUST333,Electronics,4,300,1200
334,2023-11-01,CUST334,Electronics,3,300,900
335,2023-02-04,CUST335,Beauty,4,30,120
336,2023-12-12,CUST336,Beauty,3,50,150
337,2023-05-01,CUST337,Clothing,1,500,500
338,2023-07-26,CUST338,Beauty,2,50,100
339,2023-03-03,CUST339,Electronics,2,25,50
340,2023-10-19,CUST340,Clothing,4,300,1200
341,2023-05-07,CUST341,Clothing,4,50,200
342,2023-10-24,CUST342,Clothing,4,500,2000
343,2023-11-01,CUST343,Electronics,2,25,50
344,2023-01-21,CUST344,Beauty,1,30,30
345,2023-11-14,CUST345,Electronics,1,30,30
346,2023-02-11,CUST346,Clothing,2,500,1000
347,2023-08-03,CUST347,Electronics,1,25,25
348,2023-12-03,CUST348,Electronics,2,300,600
349,2023-10-26,CUST349,Beauty,1,50,50
350,2023-10-17,CUST350,Beauty,3,25,75
351,2023-09-25,CUST351,Clothing,3,30,90
352,2023-06-11,CUST352,Electronics,2,500,1000
353,2023-05-14,CUST353,Electronics,1,500,500
354,2023-04-15,CUST354,Beauty,4,50,200
355,2023-12-09,CUST355,Electronics,1,500,500
356,2023-06-10,CUST356,Electronics,3,500,1500
357,2023-05-03,CUST357,Electronics,3,25,75
358,2023-05-16,CUST358,Beauty,1,300,300
359,2023-07-22,CUST359,Clothing,1,50,50
360,2023-03-09,CUST360,Clothing,4,25,100
361,2023-12-10,CUST361,Electronics,4,300,1200
362,2023-11-27,CUST362,Clothing,1,25,25
363,2023-06-03,CUST363,Beauty,1,25,25
364,2023-08-23,CUST364,Beauty,1,500,500
365,2023-06-11,CUST365,Clothing,1,300,300
366,2023-02-07,CUST366,Clothing,2,50,100
367,2023-01-05,CUST367,Electronics,1,50,50
368,2023-08-23,CUST368,Clothing,4,300,1200
369,2023-11-15,CUST369,Electronics,3,500,1500
370,2023-10-16,CUST370,Electronics,2,30,60
371,2023-02-21,CUST371,Beauty,1,25,25
372,2023-02-07,CUST372,Beauty,3,500,1500
373,2023-10-03,CUST373,Beauty,2,300,600
374,2023-04-20,CUST374,Beauty,3,25,75
375,2023-09-17,CUST375,Clothing,1,50,50
376,2023-05-16,CUST376,Beauty,1,30,30
377,2023-03-09,CUST377,Clothing,4,50,200
378,2023-06-28,CUST378,Beauty,1,300,300
379,2023-02-05,CUST379,Clothing,1,25,25
380,2023-05-06,CUST380,Electronics,2,300,600
381,2023-07-09,CUST381,Clothing,4,25,100
382,2023-05-26,CUST382,Clothing,2,500,1000
383,2023-03-22,CUST383,Beauty,3,30,90
384,2023-08-13,CUST384,Clothing,1,500,500
385,2023-10-06,CUST385,Electronics,3,500,1500
386,2023-12-27,CUST386,Electronics,2,300,600
387,2023-06-04,CUST387,Beauty,1,30,30
388,2023-11-10,CUST388,Electronics,1,25,25
389,2023-12-01,CUST389,Clothing,2,25,50
390,2023-09-28,CUST390,Electronics,2,50,100
391,2023-01-05,CUST391,Beauty,2,25,50
392,2023-12-08,CUST392,Clothing,2,300,600
393,2023-10-11,CUST393,Beauty,2,500,1000
394,2023-06-03,CUST394,Clothing,1,500,500
395,2023-12-06,CUST395,Electronics,2,500,1000
396,2023-02-23,CUST396,Beauty,1,30,30
397,2023-03-10,CUST397,Beauty,1,25,25
398,2023-05-16,CUST398,Clothing,2,300,600
399,2023-03-01,CUST399,Beauty,2,30,60
400,2023-02-24,CUST400,Clothing,4,50,200
401,2023-10-11,CUST401,Clothing,1,300,300
402,2023-03-21,CUST402,Clothing,2,300,600
403,2023-05-20,CUST403,Clothing,2,300,600
404,2023-05-25,CUST404,Electronics,2,500,1000
405,2023-11-06,CUST405,Clothing,4,300,1200
406,2023-04-18,CUST406,Beauty,4,25,100
407,2023-06-25,CUST407,Electronics,3,300,900
408,2023-04-15,CUST408,Beauty,1,500,500
409,2023-12-18,CUST409,Electronics,3,300,900
410,2023-11-21,CUST410,Clothing,2,50,100
411,2023-05-16,CUST411,Electronics,4,50,200
412,2023-09-16,CUST412,Electronics,4,500,2000
413,2023-09-08,CUST413,Beauty,3,25,75
414,2023-05-09,CUST414,Beauty,4,25,100
415,2023-01-27,CUST415,Clothing,2,30,60
416,2023-02-17,CUST416,Electronics,4,500,2000
417,2023-11-21,CUST417,Electronics,3,300,900
418,2023-08-05,CUST418,Electronics,2,500,1000
419,2023-05-22,CUST419,Clothing,3,30,90
420,2023-01-23,CUST420,Clothing,4,500,2000
421,2023-01-02,CUST421,Clothing,3,500,1500
422,2023-06-20,CUST422,Clothing,3,30,90
423,2023-03-08,CUST423,Clothing,1,25,25
424,2023-11-23,CUST424,Beauty,4,300,1200
425,2023-05-15,CUST425,Electronics,4,30,120
426,2023-03-24,CUST426,Electronics,3,50,150
427,2023-08-15,CUST427,Electronics,1,25,25
428,2023-10-10,CUST428,Electronics,4,50,200
429,2023-12-28,CUST429,Electronics,2,25,50
430,2023-08-07,CUST430,Electronics,3,300,900
431,2023-10-15,CUST431,Electronics,4,300,1200
432,2023-01-05,CUST432,Electronics,2,500,1000
433,2023-02-27,CUST433,Beauty,4,50,200
434,2023-02-08,CUST434,Electronics,2,25,50
435,2023-12-20,CUST435,Beauty,3,300,900
436,2023-03-18,CUST436,Clothing,4,30,120
437,2023-10-07,CUST437,Electronics,4,300,1200
438,2023-01-19,CUST438,Clothing,1,30,30
439,2023-07-09,CUST439,Clothing,3,25,75
440,2023-10-26,CUST440,Clothing,2,300,600
441,2023-10-10,CUST441,Beauty,4,300,1200
442,2023-03-17,CUST442,Clothing,4,25,100
443,2023-08-09,CUST443,Clothing,2,300,600
444,2023-03-07,CUST444,Clothing,3,30,90
445,2023-01-22,CUST445,Electronics,1,300,300
446,2023-06-07,CUST446,Electronics,1,50,50
447,2023-07-06,CUST447,Beauty,4,500,2000
448,2023-01-21,CUST448,Beauty,2,30,60
449,2023-07-03,CUST449,Electronics,4,50,200
450,2023-04-18,CUST450,Beauty,2,25,50
451,2023-12-16,CUST451,Electronics,1,30,30
452,2023-05-08,CUST452,Clothing,3,500,1500
453,2023-12-08,CUST453,Clothing,2,500,1000
454,2023-02-22,CUST454,Beauty,1,25,25
455,2023-07-01,CUST455,Electronics,4,25,100
456,2023-10-14,CUST456,Electronics,2,30,60
457,2023-07-28,CUST457,Beauty,3,300,900
458,2023-11-14,CUST458,Electronics,4,25,100
459,2023-03-21,CUST459,Clothing,4,300,1200
460,2023-05-02,CUST460,Beauty,1,50,50
461,2023-03-25,CUST461,Beauty,2,500,1000
462,2023-04-01,CUST462,Electronics,4,300,1200
463,2023-07-31,CUST463,Beauty,3,500,1500
464,2023-01-13,CUST464,Electronics,2,300,600
465,2023-04-02,CUST465,Electronics,3,50,150
466,2023-06-20,CUST466,Electronics,4,25,100
467,2023-07-30,CUST467,Electronics,3,50,150
468,2023-12-09,CUST468,Electronics,1,25,25
469,2023-05-08,CUST469,Beauty,3,25,75
470,2023-05-17,CUST470,Clothing,2,500,1000
471,2023-03-23,CUST471,Clothing,3,50,150
472,2023-12-26,CUST472,Beauty,3,300,900
473,2023-02-25,CUST473,Beauty,1,50,50
474,2023-07-15,CUST474,Clothing,3,500,1500
475,2023-01-20,CUST475,Clothing,3,25,75
476,2023-08-29,CUST476,Clothing,4,500,2000
477,2023-04-24,CUST477,Clothing,4,30,120
478,2023-04-13,CUST478,Clothing,2,30,60
479,2023-08-24,CUST479,Electronics,4,300,1200
480,2023-06-29,CUST480,Beauty,4,500,2000
481,2023-06-06,CUST481,Electronics,4,300,1200
482,2023-04-27,CUST482,Clothing,4,300,1200
483,2023-04-25,CUST483,Clothing,1,30,30
484,2023-01-13,CUST484,Clothing,4,300,1200
485,2023-12-04,CUST485,Electronics,1,30,30
486,2023-04-09,CUST486,Electronics,1,25,25
487,2023-07-24,CUST487,Clothing,4,500,2000
488,2023-06-18,CUST488,Electronics,3,300,900
489,2023-05-23,CUST489,Electronics,1,30,30
490,2023-02-05,CUST490,Clothing,3,50,150
491,2023-05-23,CUST491,Electronics,3,300,900
492,2023-06-29,CUST492,Beauty,4,25,100
493,2023-11-25,CUST493,Beauty,2,25,50
494,2023-09-18,CUST494,Beauty,4,50,200
495,2023-07-24,CUST495,Beauty,2,30,60
496,2023-12-14,CUST496,Clothing,2,300,600
497,2023-10-02,CUST497,Clothing,4,30,120
498,2023-06-19,CUST498,Clothing,4,25,100
499,2023-01-15,CUST499,Beauty,2,30,60
500,2023-03-01,CUST500,Beauty,4,25,100
501,2023-05-14,CUST501,Electronics,2,30,60
502,2023-04-02,CUST502,Electronics,3,50,150
503,2023-10-25,CUST503,Beauty,4,500,2000
504,2023-05-16,CUST504,Beauty,3,50,150
505,2023-01-20,CUST505,Beauty,1,50,50
506,2023-02-25,CUST506,Beauty,3,500,1500
507,2023-11-02,CUST507,Electronics,3,500,1500
508,2023-08-11,CUST508,Beauty,2,300,600
509,2023-06-26,CUST509,Electronics,3,300,900
510,2023-06-10,CUST510,Beauty,4,50,200
511,2023-08-12,CUST511,Beauty,2,50,100
512,2023-11-07,CUST512,Beauty,1,25,25
513,2023-09-19,CUST513,Electronics,4,25,100
514,2023-03-01,CUST514,Electronics,1,300,300
515,2023-07-17,CUST515,Clothing,3,300,900
516,2023-10-23,CUST516,Beauty,4,25,100
517,2023-04-08,CUST517,Clothing,4,25,100
518,2023-05-11,CUST518,Clothing,1,30,30
519,2023-01-23,CUST519,Electronics,4,30,120
520,2023-12-29,CUST520,Electronics,4,25,100
521,2023-08-12,CUST521,Clothing,4,30,120
522,2023-01-01,CUST522,Beauty,3,500,1500
523,2023-09-24,CUST523,Electronics,1,300,300
524,2023-10-03,CUST524,Beauty,4,300,1200
525,2023-12-18,CUST525,Beauty,2,25,50
526,2023-12-10,CUST526,Clothing,2,50,100
527,2023-04-11,CUST527,Clothing,2,25,50
528,2023-07-06,CUST528,Clothing,2,30,60
529,2023-08-09,CUST529,Clothing,3,50,150
530,2023-02-05,CUST530,Electronics,4,30,120
531,2023-12-07,CUST531,Electronics,1,500,500
532,2023-06-19,CUST532,Clothing,4,30,120
533,2023-11-16,CUST533,Electronics,3,500,1500
534,2023-06-10,CUST534,Clothing,2,500,1000
535,2023-12-06,CUST535,Beauty,3,30,90
536,2023-03-05,CUST536,Beauty,4,30,120
537,2023-06-03,CUST537,Beauty,1,500,500
538,2023-09-17,CUST538,Clothing,3,50,150
539,2023-06-08,CUST539,Beauty,1,500,500
540,2023-12-08,CUST540,Electronics,3,300,900
541,2023-07-29,CUST541,Beauty,1,500,500
542,2023-06-17,CUST542,Beauty,1,50,50
543,2023-07-26,CUST543,Beauty,2,300,600
544,2023-12-23,CUST544,Electronics,1,25,25
545,2023-06-01,CUST545,Clothing,2,25,50
546,2023-10-11,CUST546,Electronics,4,50,200
547,2023-03-07,CUST547,Clothing,4,500,2000
548,2023-04-09,CUST548,Clothing,2,30,60
549,2023-08-04,CUST549,Beauty,2,50,100
550,2023-12-07,CUST550,Clothing,3,300,900
551,2023-07-14,CUST551,Electronics,3,300,900
552,2023-12-13,CUST552,Electronics,3,25,75
553,2023-03-31,CUST553,Clothing,4,300,1200
554,2023-11-12,CUST554,Beauty,3,50,150
555,2023-10-19,CUST555,Beauty,1,300,300
556,2023-06-04,CUST556,Electronics,1,50,50
557,2023-07-27,CUST557,Beauty,3,30,90
558,2023-10-08,CUST558,Clothing,1,25,25
559,2023-01-01,CUST559,Clothing,4,300,1200
560,2023-06-05,CUST560,Electronics,1,50,50
561,2023-05-27,CUST561,Clothing,4,500,2000
562,2023-04-18,CUST562,Electronics,2,25,50
563,2023-08-09,CUST563,Clothing,2,30,60
564,2023-10-24,CUST564,Electronics,2,50,100
565,2023-11-07,CUST565,Beauty,2,30,60
566,2023-12-02,CUST566,Clothing,1,30,30
567,2023-06-14,CUST567,Clothing,3,300,900
568,2023-08-27,CUST568,Electronics,1,300,300
569,2023-08-15,CUST569,Electronics,4,50,200
570,2023-08-15,CUST570,Clothing,1,500,500
571,2023-12-12,CUST571,Electronics,1,50,50
572,2023-04-20,CUST572,Clothing,4,500,2000
573,2023-09-19,CUST573,Beauty,2,30,60
574,2023-08-31,CUST574,Electronics,2,25,50
575,2023-03-28,CUST575,Clothing,2,50,100
576,2023-12-04,CUST576,Beauty,3,50,150
577,2023-02-13,CUST577,Beauty,4,500,2000
578,2023-05-26,CUST578,Clothing,4,30,120
579,2023-09-21,CUST579,Electronics,1,30,30
580,2023-12-06,CUST580,Clothing,3,500,1500
581,2023-11-21,CUST581,Beauty,2,30,60
582,2023-11-14,CUST582,Clothing,3,300,900
583,2023-06-21,CUST583,Electronics,4,25,100
584,2023-02-17,CUST584,Beauty,4,50,200
585,2023-05-01,CUST585,Clothing,1,25,25
586,2023-12-11,CUST586,Electronics,1,50,50
587,2023-06-08,CUST587,Beauty,4,300,1200
588,2023-04-26,CUST588,Electronics,2,30,60
589,2023-04-12,CUST589,Beauty,2,500,1000
590,2023-03-17,CUST590,Clothing,3,300,900
591,2023-01-13,CUST591,Electronics,4,25,100
592,2023-01-24,CUST592,Beauty,4,500,2000
593,2023-05-06,CUST593,Electronics,2,30,60
594,2023-09-01,CUST594,Electronics,2,300,600
595,2023-11-09,CUST595,Clothing,4,500,2000
596,2023-02-07,CUST596,Electronics,1,300,300
597,2023-08-22,CUST597,Beauty,4,300,1200
598,2023-08-01,CUST598,Beauty,4,30,120
599,2023-11-19,CUST599,Beauty,2,50,100
600,2023-10-22,CUST600,Beauty,2,500,1000
601,2023-04-10,CUST601,Clothing,1,30,30
602,2023-12-23,CUST602,Electronics,1,300,300
603,2023-07-16,CUST603,Clothing,3,30,90
604,2023-09-11,CUST604,Electronics,4,50,200
605,2023-07-24,CUST605,Electronics,2,500,1000
606,2023-05-05,CUST606,Electronics,1,50,50
607,2023-03-17,CUST607,Clothing,3,25,75
608,2023-12-02,CUST608,Electronics,3,500,1500
609,2023-12-19,CUST609,Clothing,2,50,100
610,2023-01-03,CUST610,Beauty,2,300,600
611,2023-02-24,CUST611,Beauty,3,500,1500
612,2023-08-06,CUST612,Electronics,1,500,500
613,2023-04-23,CUST613,Clothing,3,30,90
614,2023-04-01,CUST614,Beauty,4,300,1200
615,2023-12-23,CUST615,Clothing,4,25,100
616,2023-09-23,CUST616,Clothing,2,50,100
617,2023-08-26,CUST617,Electronics,1,30,30
618,2023-01-26,CUST618,Beauty,1,50,50
619,2023-10-13,CUST619,Electronics,4,25,100
620,2023-05-08,CUST620,Electronics,3,25,75
621,2023-03-04,CUST621,Beauty,2,500,1000
622,2023-08-22,CUST622,Beauty,3,25,75
623,2023-03-10,CUST623,Clothing,3,50,150
624,2023-08-26,CUST624,Beauty,3,300,900
625,2023-12-08,CUST625,Clothing,1,300,300
626,2023-09-29,CUST626,Clothing,4,500,2000
627,2023-10-14,CUST627,Clothing,1,50,50
628,2023-11-01,CUST628,Beauty,4,50,200
629,2023-06-12,CUST629,Electronics,2,25,50
630,2023-08-15,CUST630,Clothing,2,50,100
631,2023-11-10,CUST631,Electronics,3,30,90
632,2023-09-16,CUST632,Electronics,4,25,100
633,2023-08-07,CUST633,Beauty,4,30,120
634,2023-10-08,CUST634,Electronics,4,500,2000
635,2023-08-17,CUST635,Electronics,3,300,900
636,2023-03-23,CUST636,Beauty,3,500,1500
637,2023-09-01,CUST637,Clothing,2,300,600
638,2023-08-19,CUST638,Electronics,1,500,500
639,2023-05-13,CUST639,Beauty,4,50,200
640,2023-05-07,CUST640,Electronics,4,30,120
641,2023-11-23,CUST641,Electronics,1,300,300
642,2023-05-22,CUST642,Clothing,4,25,100
643,2023-09-24,CUST643,Electronics,3,30,90
644,2023-09-06,CUST644,Beauty,3,25,75
645,2023-11-17,CUST645,Electronics,4,30,120
646,2023-05-03,CUST646,Clothing,3,30,90
647,2023-05-21,CUST647,Clothing,3,500,1500
648,2023-08-14,CUST648,Beauty,4,300,1200
649,2023-02-09,CUST649,Clothing,2,300,600
650,2024-01-01,CUST650,Electronics,1,30,30
651,2023-05-27,CUST651,Clothing,3,50,150
652,2023-05-01,CUST652,Beauty,2,50,100
653,2023-05-20,CUST653,Clothing,3,25,75
654,2023-06-21,CUST654,Clothing,3,25,75
655,2023-06-13,CUST655,Clothing,1,500,500
656,2023-10-04,CUST656,Beauty,3,30,90
657,2023-02-11,CUST657,Clothing,1,25,25
658,2023-03-12,CUST658,Clothing,1,25,25
659,2023-03-19,CUST659,Electronics,1,30,30
660,2023-04-29,CUST660,Beauty,2,500,1000
661,2023-07-16,CUST661,Clothing,4,25,100
662,2023-12-22,CUST662,Beauty,2,500,1000
663,2023-03-20,CUST663,Clothing,4,300,1200
664,2023-12-28,CUST664,Clothing,4,500,2000
665,2023-04-20,CUST665,Clothing,1,50,50
666,2023-02-02,CUST666,Electronics,3,50,150
667,2023-08-01,CUST667,Electronics,1,500,500
668,2023-07-28,CUST668,Electronics,3,50,150
669,2023-06-19,CUST669,Beauty,4,300,1200
670,2023-10-05,CUST670,Beauty,1,30,30
671,2023-08-27,CUST671,Electronics,3,50,150
672,2023-08-01,CUST672,Beauty,2,50,100
673,2023-02-01,CUST673,Clothing,3,500,1500
674,2023-04-16,CUST674,Clothing,1,300,300
675,2023-08-04,CUST675,Clothing,2,30,60
676,2023-07-19,CUST676,Electronics,3,500,1500
677,2023-10-27,CUST677,Beauty,3,500,1500
678,2023-12-23,CUST678,Electronics,3,300,900
679,2023-01-11,CUST679,Beauty,3,30,90
680,2023-10-22,CUST680,Clothing,3,300,900
681,2023-07-14,CUST681,Electronics,2,30,60
682,2023-09-02,CUST682,Beauty,4,300,1200
683,2023-01-04,CUST683,Beauty,2,500,1000
684,2023-06-30,CUST684,Clothing,2,500,1000
685,2023-06-02,CUST685,Electronics,2,25,50
686,2023-07-19,CUST686,Electronics,4,50,200
687,2023-08-03,CUST687,Electronics,1,300,300
688,2023-10-03,CUST688,Clothing,4,25,100
689,2023-10-07,CUST689,Electronics,2,50,100
690,2023-11-05,CUST690,Clothing,3,300,900
691,2023-04-23,CUST691,Clothing,3,30,90
692,2023-09-07,CUST692,Clothing,2,50,100
693,2023-04-23,CUST693,Beauty,3,500,1500
694,2023-05-20,CUST694,Electronics,2,25,50
695,2023-08-12,CUST695,Electronics,3,50,150
696,2023-09-06,CUST696,Clothing,4,50,200
697,2023-01-15,CUST697,Clothing,1,500,500
698,2023-07-19,CUST698,Electronics,1,300,300
699,2023-06-22,CUST699,Clothing,4,30,120
700,2023-12-09,CUST700,Electronics,4,500,2000
701,2023-12-14,CUST701,Beauty,2,30,60
702,2023-07-27,CUST702,Clothing,2,300,600
703,2023-03-26,CUST703,Electronics,2,50,100
704,2023-08-28,CUST704,Clothing,3,30,90
705,2023-03-07,CUST705,Electronics,2,25,50
706,2023-11-15,CUST706,Electronics,4,25,100
707,2023-10-01,CUST707,Clothing,1,500,500
708,2023-01-14,CUST708,Beauty,3,300,900
709,2023-07-21,CUST709,Electronics,2,500,1000
710,2023-10-31,CUST710,Electronics,3,500,1500
711,2023-10-16,CUST711,Electronics,3,500,1500
712,2023-12-06,CUST712,Beauty,2,25,50
713,2023-01-14,CUST713,Beauty,3,25,75
714,2023-02-12,CUST714,Clothing,1,500,500
715,2023-11-26,CUST715,Beauty,4,25,100
716,2023-08-08,CUST716,Clothing,4,300,1200
717,2023-03-11,CUST717,Clothing,1,500,500
718,2023-08-25,CUST718,Beauty,3,25,75
719,2023-04-04,CUST719,Clothing,2,30,60
720,2023-01-26,CUST720,Beauty,3,500,1500
721,2023-05-14,CUST721,Clothing,1,500,500
722,2023-07-14,CUST722,Beauty,3,300,900
723,2023-06-17,CUST723,Beauty,4,50,200
724,2023-04-19,CUST724,Clothing,3,50,150
725,2023-08-21,CUST725,Electronics,1,300,300
726,2023-06-17,CUST726,Clothing,4,300,1200
727,2023-06-22,CUST727,Beauty,3,300,900
728,2023-07-14,CUST728,Electronics,3,50,150
729,2023-05-23,CUST729,Clothing,4,300,1200
730,2023-08-04,CUST730,Clothing,2,25,50
731,2023-05-10,CUST731,Clothing,4,500,2000
732,2023-02-11,CUST732,Electronics,2,500,1000
733,2023-08-29,CUST733,Beauty,1,30,30
734,2023-01-10,CUST734,Clothing,1,30,30
735,2023-10-04,CUST735,Clothing,4,500,2000
736,2023-01-27,CUST736,Clothing,4,25,100
737,2023-06-29,CUST737,Clothing,1,50,50
738,2023-04-25,CUST738,Clothing,2,50,100
739,2023-11-29,CUST739,Beauty,1,25,25
740,2023-02-05,CUST740,Beauty,4,50,200
741,2023-11-30,CUST741,Clothing,1,300,300
742,2023-01-21,CUST742,Electronics,4,500,2000
743,2023-01-16,CUST743,Beauty,4,500,2000
744,2023-05-07,CUST744,Electronics,1,25,25
745,2023-04-13,CUST745,Beauty,2,50,100
746,2023-01-11,CUST746,Clothing,3,30,90
747,2023-11-15,CUST747,Beauty,1,30,30
748,2023-03-20,CUST748,Clothing,3,50,150
749,2023-05-03,CUST749,Beauty,1,30,30
750,2023-03-06,CUST750,Clothing,3,25,75
751,2023-08-31,CUST751,Clothing,2,25,50
752,2023-12-09,CUST752,Clothing,2,50,100
753,2023-02-28,CUST753,Clothing,1,30,30
754,2023-10-16,CUST754,Electronics,4,25,100
755,2023-04-22,CUST755,Clothing,3,25,75
756,2023-08-27,CUST756,Electronics,4,300,1200
757,2023-12-25,CUST757,Electronics,4,300,1200
758,2023-05-12,CUST758,Clothing,4,25,100
759,2023-07-08,CUST759,Electronics,2,50,100
760,2023-03-27,CUST760,Beauty,1,500,500
761,2023-11-07,CUST761,Clothing,1,500,500
762,2023-11-07,CUST762,Electronics,2,25,50
763,2023-02-28,CUST763,Clothing,2,25,50
764,2023-03-25,CUST764,Clothing,1,25,25
765,2023-06-09,CUST765,Clothing,4,50,200
766,2023-02-25,CUST766,Electronics,3,300,900
767,2023-10-24,CUST767,Beauty,3,25,75
768,2023-01-14,CUST768,Beauty,3,25,75
769,2023-06-09,CUST769,Electronics,4,30,120
770,2023-10-22,CUST770,Clothing,1,50,50
771,2023-12-13,CUST771,Electronics,2,25,50
772,2023-07-12,CUST772,Electronics,1,30,30
773,2023-07-23,CUST773,Electronics,4,500,2000
774,2023-04-12,CUST774,Clothing,2,25,50
775,2023-02-08,CUST775,Electronics,4,25,100
776,2023-10-31,CUST776,Clothing,3,30,90
777,2023-12-20,CUST777,Electronics,3,50,150
778,2023-11-18,CUST778,Beauty,4,25,100
779,2023-05-05,CUST779,Electronics,2,500,1000
780,2023-02-22,CUST780,Electronics,2,25,50
781,2023-12-23,CUST781,Beauty,1,500,500
782,2023-06-04,CUST782,Clothing,3,300,900
783,2023-12-17,CUST783,Clothing,1,300,300
784,2023-11-04,CUST784,Electronics,1,500,500
785,2023-03-03,CUST785,Beauty,4,50,200
786,2023-10-17,CUST786,Clothing,4,25,100
787,2023-01-22,CUST787,Electronics,1,25,25
788,2023-06-27,CUST788,Beauty,3,300,900
789,2023-09-30,CUST789,Clothing,4,500,2000
790,2023-08-08,CUST790,Clothing,1,25,25
791,2023-12-05,CUST791,Beauty,1,25,25
792,2023-07-09,CUST792,Beauty,1,50,50
793,2023-02-05,CUST793,Beauty,1,30,30
794,2023-09-17,CUST794,Beauty,1,300,300
795,2023-11-28,CUST795,Electronics,1,300,300
796,2023-06-24,CUST796,Beauty,4,30,120
797,2023-01-07,CUST797,Clothing,3,25,75
798,2023-08-04,CUST798,Clothing,1,50,50
799,2023-09-08,CUST799,Electronics,2,50,100
800,2023-02-24,CUST800,Clothing,4,300,1200
801,2023-08-10,CUST801,Clothing,4,50,200
802,2023-07-05,CUST802,Beauty,1,30,30
803,2023-11-22,CUST803,Clothing,4,25,100
804,2023-08-24,CUST804,Electronics,1,30,30
805,2023-12-29,CUST805,Beauty,3,500,1500
806,2023-03-20,CUST806,Beauty,3,300,900
807,2023-08-11,CUST807,Electronics,4,50,200
808,2023-04-01,CUST808,Beauty,4,500,2000
809,2023-09-25,CUST809,Beauty,2,50,100
810,2023-11-30,CUST810,Electronics,4,25,100
811,2023-05-19,CUST811,Beauty,2,25,50
812,2023-11-12,CUST812,Electronics,3,25,75
813,2023-10-03,CUST813,Electronics,3,50,150
814,2023-09-05,CUST814,Clothing,1,500,500
815,2023-08-27,CUST815,Clothing,3,25,75
816,2023-08-12,CUST816,Beauty,2,500,1000
817,2023-10-31,CUST817,Beauty,4,50,200
818,2023-05-18,CUST818,Electronics,1,500,500
819,2023-06-15,CUST819,Beauty,2,50,100
820,2023-05-06,CUST820,Electronics,4,50,200
821,2023-02-14,CUST821,Electronics,1,300,300
822,2023-05-23,CUST822,Beauty,3,50,150
823,2023-08-19,CUST823,Electronics,2,50,100
824,2023-05-05,CUST824,Clothing,4,30,120
825,2023-08-26,CUST825,Beauty,1,25,25
826,2023-10-19,CUST826,Clothing,1,300,300
827,2023-11-09,CUST827,Beauty,3,300,900
828,2023-12-09,CUST828,Electronics,4,300,1200
829,2023-07-14,CUST829,Beauty,3,30,90
830,2023-06-22,CUST830,Clothing,3,50,150
831,2023-01-15,CUST831,Electronics,4,25,100
832,2023-09-11,CUST832,Beauty,4,500,2000
833,2023-06-16,CUST833,Beauty,4,50,200
834,2023-04-04,CUST834,Beauty,2,30,60
835,2023-09-07,CUST835,Clothing,4,50,200
836,2023-04-19,CUST836,Clothing,1,50,50
837,2023-07-01,CUST837,Beauty,3,30,90
838,2023-05-13,CUST838,Electronics,2,300,600
839,2023-06-24,CUST839,Electronics,4,300,1200
840,2023-05-24,CUST840,Clothing,2,25,50
841,2023-11-02,CUST841,Electronics,4,25,100
842,2023-12-26,CUST842,Clothing,2,300,600
843,2023-05-22,CUST843,Beauty,3,500,1500
844,2023-10-12,CUST844,Clothing,3,50,150
845,2023-01-06,CUST845,Clothing,1,500,500
846,2023-09-22,CUST846,Beauty,1,50,50
847,2023-04-08,CUST847,Electronics,4,300,1200
848,2023-02-13,CUST848,Clothing,3,25,75
849,2023-05-04,CUST849,Clothing,2,25,50
850,2023-07-28,CUST850,Beauty,2,500,1000
851,2023-09-08,CUST851,Electronics,2,25,50
852,2023-10-12,CUST852,Clothing,1,300,300
853,2023-05-04,CUST853,Beauty,2,500,1000
854,2023-12-20,CUST854,Clothing,1,50,50
855,2023-09-01,CUST855,Beauty,1,25,25
856,2023-11-27,CUST856,Electronics,4,30,120
857,2023-12-31,CUST857,Electronics,2,25,50
858,2023-09-09,CUST858,Electronics,2,50,100
859,2023-08-18,CUST859,Electronics,3,500,1500
860,2023-01-09,CUST860,Clothing,4,50,200
861,2023-02-17,CUST861,Clothing,3,30,90
862,2023-05-31,CUST862,Electronics,4,300,1200
863,2023-04-24,CUST863,Electronics,2,25,50
864,2023-07-27,CUST864,Electronics,1,500,500
865,2023-12-21,CUST865,Clothing,1,300,300
866,2023-05-05,CUST866,Electronics,1,50,50
867,2023-06-06,CUST867,Electronics,1,500,500
868,2023-12-06,CUST868,Electronics,1,300,300
869,2023-10-25,CUST869,Beauty,3,500,1500
870,2023-07-08,CUST870,Electronics,4,30,120
871,2023-08-31,CUST871,Beauty,2,30,60
872,2023-10-11,CUST872,Beauty,3,25,75
873,2023-09-29,CUST873,Electronics,4,25,100
874,2023-06-26,CUST874,Beauty,1,30,30
875,2023-08-06,CUST875,Electronics,4,500,2000
876,2023-10-09,CUST876,Clothing,4,30,120
877,2023-06-19,CUST877,Clothing,1,25,25
878,2023-06-30,CUST878,Clothing,1,30,30
879,2023-12-26,CUST879,Clothing,1,30,30
880,2023-08-21,CUST880,Beauty,2,500,1000
881,2023-05-19,CUST881,Electronics,1,300,300
882,2023-06-06,CUST882,Electronics,2,25,50
883,2023-05-09,CUST883,Electronics,1,500,500
884,2023-04-29,CUST884,Clothing,2,30,60
885,2023-03-03,CUST885,Clothing,4,30,120
886,2023-04-09,CUST886,Electronics,3,300,900
887,2023-06-11,CUST887,Clothing,4,25,100
888,2023-03-03,CUST888,Electronics,4,25,100
889,2023-10-02,CUST889,Electronics,1,50,50
890,2023-12-20,CUST890,Electronics,2,25,50
891,2023-04-05,CUST891,Electronics,3,300,900
892,2023-04-09,CUST892,Electronics,1,50,50
893,2023-04-21,CUST893,Electronics,1,50,50
894,2023-09-05,CUST894,Electronics,1,30,30
895,2023-05-22,CUST895,Clothing,4,30,120
896,2023-10-29,CUST896,Electronics,2,25,50
897,2023-09-26,CUST897,Electronics,2,50,100
898,2023-11-02,CUST898,Clothing,3,30,90
899,2023-05-25,CUST899,Clothing,2,300,600
900,2023-02-21,CUST900,Clothing,2,30,60
901,2023-04-10,CUST901,Electronics,1,30,30
902,2023-06-01,CUST902,Beauty,1,50,50
903,2023-04-27,CUST903,Beauty,4,50,200
904,2023-07-04,CUST904,Clothing,1,500,500
905,2023-04-02,CUST905,Beauty,1,300,300
906,2023-06-04,CUST906,Clothing,1,50,50
907,2023-01-08,CUST907,Electronics,1,25,25
908,2023-12-29,CUST908,Beauty,4,300,1200
909,2023-10-01,CUST909,Electronics,1,300,300
910,2023-03-06,CUST910,Beauty,3,50,150
911,2023-05-21,CUST911,Electronics,3,300,900
912,2023-01-24,CUST912,Beauty,3,50,150
913,2023-01-28,CUST913,Electronics,3,30,90
914,2023-10-11,CUST914,Electronics,1,500,500
915,2023-05-30,CUST915,Beauty,3,30,90
916,2023-12-24,CUST916,Electronics,1,50,50
917,2023-03-06,CUST917,Electronics,4,50,200
918,2023-11-23,CUST918,Electronics,3,30,90
919,2023-09-09,CUST919,Beauty,2,25,50
920,2023-02-22,CUST920,Beauty,3,25,75
921,2023-01-07,CUST921,Electronics,3,25,75
922,2023-10-21,CUST922,Electronics,1,50,50
923,2023-05-26,CUST923,Beauty,3,300,900
924,2023-08-29,CUST924,Beauty,2,50,100
925,2023-09-03,CUST925,Electronics,1,300,300
926,2023-08-14,CUST926,Electronics,1,30,30
927,2023-06-24,CUST927,Electronics,4,500,2000
928,2023-04-05,CUST928,Clothing,4,300,1200
929,2023-01-27,CUST929,Beauty,3,25,75
930,2023-05-10,CUST930,Clothing,4,50,200
931,2023-09-02,CUST931,Beauty,4,30,120
932,2023-02-28,CUST932,Beauty,4,25,100
933,2023-02-03,CUST933,Beauty,1,30,30
934,2023-07-25,CUST934,Beauty,1,500,500
935,2023-09-09,CUST935,Beauty,1,50,50
936,2023-02-07,CUST936,Beauty,4,50,200
937,2023-10-23,CUST937,Beauty,1,500,500
938,2023-11-19,CUST938,Clothing,4,50,200
939,2023-12-18,CUST939,Electronics,1,300,300
940,2023-01-28,CUST940,Electronics,1,30,30
941,2023-03-19,CUST941,Clothing,2,25,50
942,2023-03-18,CUST942,Clothing,3,500,1500
943,2023-10-16,CUST943,Clothing,4,300,1200
944,2023-06-05,CUST944,Clothing,2,25,50
945,2023-02-13,CUST945,Beauty,1,25,25
946,2023-05-08,CUST946,Electronics,4,500,2000
947,2023-03-02,CUST947,Beauty,1,300,300
948,2023-10-13,CUST948,Electronics,3,25,75
949,2023-08-02,CUST949,Electronics,2,25,50
950,2023-11-07,CUST950,Clothing,3,300,900
951,2023-11-02,CUST951,Beauty,2,50,100
952,2023-11-13,CUST952,Clothing,1,25,25
953,2023-04-26,CUST953,Beauty,3,30,90
954,2023-09-25,CUST954,Electronics,3,300,900
955,2023-07-14,CUST955,Clothing,1,25,25
956,2023-08-19,CUST956,Clothing,3,500,1500
957,2023-08-15,CUST957,Electronics,4,30,120
958,2023-06-02,CUST958,Electronics,2,25,50
959,2023-10-29,CUST959,Electronics,2,30,60
960,2023-08-08,CUST960,Clothing,2,30,60
961,2023-06-06,CUST961,Beauty,4,50,200
962,2023-10-19,CUST962,Clothing,2,30,60
963,2023-11-14,CUST963,Beauty,1,50,50
964,2023-01-31,CUST964,Clothing,3,300,900
965,2023-11-09,CUST965,Clothing,4,50,200
966,2023-02-20,CUST966,Electronics,2,500,1000
967,2023-04-17,CUST967,Beauty,1,25,25
968,2023-11-17,CUST968,Clothing,3,300,900
969,2023-04-19,CUST969,Clothing,3,300,900
970,2023-05-16,CUST970,Electronics,4,500,2000
971,2023-12-05,CUST971,Electronics,4,50,200
972,2023-02-11,CUST972,Beauty,4,25,100
973,2023-03-22,CUST973,Clothing,1,50,50
974,2023-05-03,CUST974,Beauty,1,30,30
975,2023-03-30,CUST975,Clothing,4,50,200
976,2023-10-10,CUST976,Beauty,2,300,600
977,2023-02-08,CUST977,Electronics,3,25,75
978,2023-03-22,CUST978,Clothing,3,50,150
979,2023-01-02,CUST979,Beauty,1,25,25
980,2023-07-29,CUST980,Electronics,3,25,75
981,2023-08-19,CUST981,Electronics,2,30,60
982,2023-12-19,CUST982,Beauty,3,30,90
983,2023-11-01,CUST983,Clothing,1,300,300
984,2023-08-29,CUST984,Clothing,1,500,500
985,2023-05-30,CUST985,Electronics,2,25,50
986,2023-01-17,CUST986,Clothing,2,500,1000
987,2023-04-29,CUST987,Clothing,3,300,900
988,2023-05-28,CUST988,Clothing,3,25,75
989,2023-12-28,CUST989,Electronics,1,25,25
990,2023-05-25,CUST990,Beauty,2,500,1000
991,2023-12-26,CUST991,Clothing,2,50,100
992,2023-08-21,CUST992,Electronics,2,30,60
993,2023-02-06,CUST993,Electronics,3,50,150
994,2023-12-18,CUST994,Beauty,2,500,1000
995,2023-04-30,CUST995,Clothing,1,30,30
996,2023-05-16,CUST996,Clothing,1,50,50
997,2023-11-17,CUST997,Beauty,3,30,90
998,2023-10-29,CUST998,Beauty,4,25,100
999,2023-12-05,CUST999,Electronics,3,50,150
1000,2023-04-12,CUST1000,Electronics,4,30,120
1001,2023-05-11,CUST298,Electronics,1,300,28.3296
1002,2023-10-29,CUST035,Beauty,3,50,37.3641
1003,2023-08-31,CUST304,Beauty,4,300,45.3222
1004,2023-02-14,CUST162,Electronics,4,300,99.3564
1005,2023-10-01,CUST163,Electronics,1,300,1987.9658
1006,2023-02-18,CUST881,Electronics,1,500,962.7486
1007,2023-09-22,CUST033,Electronics,4,30,35.8461
1008,2023-10-05,CUST605,Electronics,3,300,505.1085
1009,2023-08-19,CUST052,Beauty,1,300,1133.9119
1010,2023-07-30,CUST657,Clothing,4,25,143.8384
1011,2023-01-24,CUST727,Beauty,4,300,100.2944
1012,2023-12-26,CUST127,Beauty,2,300,209.537
1013,2023-02-17,CUST718,Beauty,2,300,1571.0994
1014,2023-07-09,CUST077,Beauty,2,500,69.9216
1015,2023-08-01,CUST135,Beauty,1,500,97.8218
1016,2023-11-20,CUST688,Electronics,1,500,51.382
1017,2023-09-24,CUST465,Beauty,1,25,95.0581
1018,2023-05-16,CUST765,Electronics,4,25,893.0993
1019,2023-09-06,CUST177,Clothing,3,25,69.3685
1020,2023-08-11,CUST554,Electronics,3,50,98.646
1021,2023-04-19,CUST670,Clothing,4,25,635.2461
1022,2023-02-10,CUST038,Clothing,2,30,1403.8462
1023,2023-10-13,CUST240,Clothing,4,25,41.2387
1024,2023-09-08,CUST517,Electronics,2,25,67.978
1025,2023-10-02,CUST098,Clothing,2,30,110.0445
1026,2023-11-17,CUST267,Electronics,2,500,1325.5159
1027,2023-06-23,CUST589,Clothing,3,25,130.8067
1028,2023-05-16,CUST350,Electronics,4,50,620.738
1029,2023-01-17,CUST947,Clothing,1,500,26.3514
1030,2023-06-01,CUST019,Electronics,2,500,57.6525
1031,2023-09-19,CUST299,Electronics,4,50,56.7128
1032,2023-05-10,CUST889,Clothing,1,300,1376.4431
1033,2023-06-03,CUST329,Clothing,1,30,576.4713
1034,2023-02-20,CUST155,Clothing,3,50,540.9704
1035,2023-10-23,CUST012,Beauty,3,25,46.427
1036,2023-09-02,CUST432,Clothing,3,50,55.2319
1037,2023-03-21,CUST674,Electronics,4,300,197.3751
1038,2023-10-29,CUST047,Electronics,1,500,46.9057
1039,2023-02-02,CUST706,Clothing,4,300,1215.7885
1040,2023-10-08,CUST421,Clothing,2,30,1882.2595
1041,2023-08-24,CUST097,Clothing,1,30,167.1462
1042,2023-05-05,CUST644,Electronics,4,300,288.221
1043,2023-12-08,CUST294,Beauty,4,25,257.5698
1044,2023-04-26,CUST738,Clothing,1,30,62.9091
1045,2023-04-22,CUST390,Electronics,3,50,52.0561
1046,2023-06-06,CUST972,Clothing,2,30,1118.0528
1047,2023-02-06,CUST762,Electronics,4,25,63.803
1048,2023-08-31,CUST811,Beauty,2,25,207.5399
1049,2023-11-02,CUST859,Beauty,3,50,70.2819
1050,2023-03-22,CUST711,Electronics,4,500,120.7517
1051,2023-08-21,CUST588,Beauty,3,25,52.3507
1052,2023-09-17,CUST777,Beauty,2,300,152.9215
1053,2023-01-05,CUST477,Clothing,1,500,927.4327
1054,2023-05-03,CUST415,Beauty,3,500,66.9468
1055,2023-10-29,CUST655,Clothing,3,50,93.087
1056,2023-02-10,CUST413,Beauty,3,30,101.2776
1057,2023-02-23,CUST660,Electronics,3,50,29.5715
1058,2023-01-10,CUST084,Electronics,4,30,25.9927
1059,2023-09-16,CUST160,Clothing,3,50,102.2613
1060,2023-10-16,CUST898,Electronics,4,30,61.0169
1061,2023-02-13,CUST341,Beauty,3,25,34.0725
1062,2023-11-29,CUST381,Beauty,2,500,1299.9753
1063,2023-01-20,CUST676,Beauty,3,25,46.5674
1064,2023-05-03,CUST176,Beauty,2,300,68.6177
1065,2023-07-06,CUST942,Electronics,4,30,194.8966
1066,2023-10-26,CUST907,Beauty,4,30,93.5136
1067,2023-12-10,CUST186,Electronics,1,30,1257.0986
1068,2023-07-28,CUST056,Clothing,4,50,925.2739
1069,2023-05-26,CUST058,Beauty,4,25,936.4594
1070,2023-03-19,CUST268,Clothing,4,25,26.3288
1071,2023-04-13,CUST351,Clothing,2,300,179.8646
1072,2023-06-06,CUST594,Clothing,3,500,289.4928
1073,2023-08-12,CUST839,Electronics,3,25,120.5595
1074,2023-08-01,CUST337,Beauty,3,50,117.872
1075,2023-10-27,CUST150,Clothing,3,300,161.3079
1076,2023-05-15,CUST896,Beauty,4,300,1401.2084
1077,2023-01-05,CUST230,Electronics,4,25,54.6593
1078,2023-03-03,CUST198,Clothing,3,25,159.2488
1079,2023-10-24,CUST157,Beauty,3,50,97.227
1080,2023-05-22,CUST007,Beauty,1,30,62.2064
1081,2023-02-05,CUST750,Clothing,1,25,121.7066
1082,2023-01-24,CUST919,Electronics,1,500,1874.2311
1083,2023-04-25,CUST946,Clothing,4,300,102.1111
1084,2023-06-02,CUST654,Beauty,1,50,45.8656
1085,2023-02-11,CUST362,Electronics,4,500,95.4705
1086,2023-03-15,CUST913,Clothing,1,30,936.6706
1087,2023-11-10,CUST776,Electronics,2,25,27.6452
1088,2023-02-28,CUST521,Beauty,4,30,1980.7942
1089,2023-08-17,CUST538,Clothing,3,50,872.2306
1090,2023-09-23,CUST232,Electronics,3,25,97.7438
1091,2023-09-24,CUST369,Beauty,1,25,315.243
1092,2023-04-27,CUST250,Beauty,3,300,1121.2899
1093,2023-07-26,CUST573,Electronics,1,300,265.877
1094,2023-11-08,CUST430,Clothing,3,30,129.96
1095,2023-09-29,CUST204,Clothing,1,50,1088.7786
1096,2023-07-28,CUST055,Clothing,3,25,947.6359
1097,2023-03-03,CUST978,Electronics,3,30,494.752
1098,2023-11-02,CUST571,Electronics,3,500,79.1617
1099,2023-05-22,CUST659,Clothing,4,50,95.5742
1100,2023-05-09,CUST443,Beauty,2,50,101.3771
1101,2023-12-16,CUST463,Electronics,4,300,950.0383
1102,2023-09-29,CUST968,Beauty,1,50,1826.3519
1103,2023-04-17,CUST003,Electronics,3,500,93.667
1104,2023-11-14,CUST991,Beauty,1,30,96.9
1105,2023-04-30,CUST191,Beauty,1,50,74.7817
1106,2023-04-02,CUST548,Beauty,1,300,1898.0534
1107,2023-09-06,CUST516,Clothing,4,30,164.5561
1108,2023-04-29,CUST696,Beauty,1,25,1814.4398
1109,2023-07-24,CUST120,Beauty,1,30,1314.8944
1110,2023-05-21,CUST074,Clothing,2,500,578.1116
1111,2023-11-24,CUST956,Electronics,3,50,60.0925
1112,2023-10-15,CUST100,Clothing,1,50,200.0954
1113,2023-01-15,CUST258,Clothing,2,30,104.2036
1114,2023-03-29,CUST576,Electronics,2,50,517.1463
1115,2023-10-02,CUST419,Electronics,3,500,893.1164
1116,2023-06-11,CUST447,Beauty,2,500,883.7232
1117,2023-03-17,CUST934,Electronics,3,50,99.3065
1118,2023-03-25,CUST901,Beauty,4,300,103.5842
1119,2023-01-21,CUST079,Electronics,4,25,58.1283
1120,2023-04-28,CUST586,Clothing,2,25,26.6198
1121,2023-01-04,CUST504,Clothing,1,500,154.951
1122,2023-12-20,CUST254,Clothing,2,25,204.5173
1123,2023-03-21,CUST458,Electronics,3,25,1327.6923
1124,2023-06-14,CUST522,Clothing,4,30,932.8532
1125,2023-02-07,CUST894,Electronics,3,50,260.6954
1126,2023-11-30,CUST288,Beauty,1,500,69.7473
1127,2023-08-29,CUST489,Electronics,2,25,1908.4374
1128,2023-06-11,CUST599,Clothing,4,30,96.4889
1129,2023-02-07,CUST524,Electronics,1,300,1370.007
1130,2023-12-05,CUST564,Electronics,2,50,134.4668
1131,2023-06-22,CUST211,Beauty,4,30,841.0417
1132,2023-11-19,CUST333,Beauty,2,300,183.9194
1133,2023-10-06,CUST006,Clothing,1,25,1317.9686
1134,2023-06-21,CUST109,Beauty,1,25,65.1275
1135,2023-12-13,CUST481,Beauty,4,500,593.4666
1136,2023-07-04,CUST143,Beauty,2,500,574.0137
1137,2023-12-04,CUST679,Clothing,1,50,138.7108
1138,2023-11-26,CUST183,Electronics,4,500,1358.2229
1139,2023-02-08,CUST002,Beauty,1,30,54.7227
1140,2023-03-01,CUST171,Beauty,3,500,101.1179
1141,2023-11-12,CUST115,Clothing,4,300,303.6237
1142,2023-02-21,CUST816,Clothing,4,25,28.2125
1143,2023-05-08,CUST257,Clothing,3,30,66.1379
1144,2023-07-25,CUST209,Clothing,4,30,469.7001
1145,2023-01-14,CUST389,Clothing,4,300,34.0283
1146,2023-05-06,CUST016,Electronics,3,50,100.7445
1147,2023-11-07,CUST789,Beauty,3,25,35.9091
1148,2023-06-07,CUST625,Electronics,1,25,55.1322
1149,2023-08-05,CUST620,Clothing,4,500,25.2692
1150,2023-03-06,CUST331,Beauty,1,500,65.4504
1151,2023-04-12,CUST090,Electronics,3,25,910.2425
1152,2023-10-22,CUST496,Beauty,1,25,1050.5992
1153,2023-02-21,CUST149,Beauty,4,30,271.0149
1154,2023-07-08,CUST222,Clothing,4,30,33.4549
1155,2023-01-04,CUST005,Beauty,4,30,1117.6543
1156,2023-11-09,CUST840,Beauty,3,300,1875.1188
1157,2023-09-11,CUST931,Beauty,4,300,210.1882
1158,2023-02-04,CUST132,Beauty,2,300,958.3666
1159,2023-08-26,CUST506,Electronics,4,25,825.3259
1160,2023-04-15,CUST873,Clothing,4,300,202.8772
1161,2023-02-19,CUST973,Electronics,1,300,25.5631
1162,2023-04-12,CUST050,Electronics,2,30,911.2419
1163,2023-05-05,CUST488,Clothing,3,50,471.9189
1164,2023-09-01,CUST943,Electronics,2,25,87.2578
1165,2023-06-24,CUST080,Electronics,3,25,891.7177
1166,2023-04-19,CUST393,Electronics,4,300,48.6511
1167,2023-12-26,CUST317,Beauty,3,300,1956.0762
1168,2023-10-31,CUST346,Electronics,2,300,220.8253
1169,2023-01-28,CUST207,Clothing,4,30,896.754
1170,2023-01-13,CUST320,Clothing,4,30,603.1806
1171,2023-01-15,CUST471,Beauty,2,30,626.4357
1172,2023-10-21,CUST775,Clothing,3,300,50.2129
1173,2023-06-05,CUST621,Electronics,3,50,44.5415
1174,2024-01-01,CUST656,Clothing,1,25,1541.2487
1175,2023-12-23,CUST065,Electronics,4,50,97.3024
1176,2023-06-26,CUST237,Clothing,4,50,953.387
1177,2023-03-20,CUST597,Clothing,4,300,100.2126
1178,2023-11-23,CUST200,Clothing,1,500,65.0349
1179,2024-01-01,CUST845,Clothing,4,30,32.986
1180,2023-07-06,CUST445,Beauty,2,50,57.3127
1181,2023-11-21,CUST963,Electronics,1,50,55.8806
1182,2023-07-14,CUST330,Clothing,4,50,139.1254
1183,2023-11-15,CUST140,Beauty,2,50,34.9022
1184,2023-06-17,CUST144,Clothing,1,50,53.9852
1185,2023-03-23,CUST880,Beauty,3,300,1350.0433
1186,2023-09-08,CUST442,Beauty,2,25,887.9687
1187,2023-02-28,CUST980,Beauty,3,25,39.479
1188,2023-10-10,CUST292,Beauty,2,30,225.9414
1189,2023-06-16,CUST082,Clothing,1,500,28.6771
1190,2023-07-25,CUST864,Electronics,2,300,104.7545
1191,2023-01-02,CUST265,Beauty,1,300,147.6353
1192,2023-03-05,CUST102,Clothing,1,300,114.251
1193,2023-03-20,CUST154,Beauty,3,30,564.5117
1194,2023-05-14,CUST591,Clothing,4,25,460.1664
1195,2023-09-05,CUST112,Beauty,4,25,242.6146
1196,2023-04-09,CUST197,Beauty,1,500,1150.653
1197,2023-02-27,CUST365,Clothing,4,500,595.4594
1198,2023-04-22,CUST958,Electronics,1,25,100.906
1199,2023-05-27,CUST233,Clothing,3,300,1999.5451
1200,2023-03-27,CUST805,Electronics,3,500,1794.257
1201,2023-12-26,CUST301,Beauty,4,50,920.5421
1202,2023-08-15,CUST677,Electronics,1,500,25.8836
1203,2023-02-09,CUST764,Beauty,3,30,548.7934
1204,2023-07-24,CUST686,Electronics,1,25,1125.0973
1205,2023-08-05,CUST779,Beauty,1,25,524.3749
1206,2023-11-06,CUST545,Electronics,4,300,1198.4456
1207,2023-07-22,CUST568,Clothing,4,300,54.0551
1208,2023-03-07,CUST137,Clothing,3,50,86.4567
1209,2023-09-17,CUST071,Beauty,4,25,48.6563
1210,2023-04-30,CUST923,Electronics,2,300,
1211,2023-01-15,CUST572,Electronics,4,30,59.0547
1212,2023-02-27,CUST238,Electronics,3,300,227.4991
1213,2023-06-04,CUST124,Beauty,3,25,31.9976
1214,2023-09-02,CUST649,Electronics,1,500,1004.9103
1215,2023-06-15,CUST695,Electronics,3,25,64.2489
1216,2023-08-02,CUST073,Electronics,3,500,95.7977
1217,2023-05-07,CUST387,Clothing,2,300,120.9694
1218,2023-03-03,CUST608,Clothing,4,50,30.4159
1219,2023-03-27,CUST342,Beauty,4,500,94.1833
1220,2023-05-04,CUST784,Beauty,2,25,330.8216
1221,2023-05-16,CUST336,Clothing,4,300,336.8035
1222,2023-11-16,CUST603,Electronics,2,300,1756.3292
1223,2023-04-19,CUST996,Clothing,3,25,63.646
1224,2023-06-20,CUST869,Electronics,1,500,95.6929
1225,2023-05-15,CUST123,Clothing,1,25,58.9666
1226,2023-10-22,CUST567,Electronics,2,300,950.5981
1227,2023-01-16,CUST804,Clothing,4,30,1963.711
1228,2023-04-08,CUST890,Electronics,2,300,107.6278
1229,2023-08-28,CUST417,Beauty,4,50,59.0752
1230,2023-02-20,CUST879,Beauty,4,30,98.3614
1231,2023-05-01,CUST455,Beauty,4,25,96.5651
1232,2023-03-12,CUST236,Beauty,2,25,485.5071
1233,2023-07-26,CUST915,Clothing,4,30,98.8601
1234,2023-03-06,CUST206,Beauty,2,25,97.1068
1235,2023-02-21,CUST578,Clothing,3,500,33.8362
1236,2023-04-23,CUST525,Beauty,1,25,83.8921
1237,2023-01-13,CUST998,Clothing,1,500,1132.615
1238,2023-06-27,CUST663,Beauty,3,500,36.0661
1239,2023-10-07,CUST583,Beauty,4,25,1205.573
1240,2023-01-22,CUST871,Clothing,4,30,44.7179
1241,2023-10-04,CUST408,Electronics,3,30,188.8416
1242,2023-11-24,CUST883,Electronics,2,300,100.5659
1243,2023-09-26,CUST617,Electronics,3,30,92.6748
1244,2023-03-26,CUST926,Electronics,4,25,1144.0928
1245,2023-07-12,CUST671,Clothing,4,50,37.8347
1246,2023-01-10,CUST782,Clothing,4,30,217.0105
1247,2023-04-28,CUST174,Clothing,4,30,49.1929
1248,2023-12-21,CUST452,Clothing,3,300,822.3881
1249,2023-04-18,CUST687,Electronics,3,50,55.5482
1250,2023-01-17,CUST190,Clothing,3,500,533.6237
1251,2023-04-08,CUST491,Beauty,3,25,149.6663
1252,2023-08-19,CUST846,Clothing,4,30,548.0287
1253,2023-04-22,CUST797,Clothing,2,30,63.0902
1254,2023-06-16,CUST395,Clothing,3,300,97.5404
1255,2023-04-20,CUST220,Beauty,4,25,56.3338
1256,2023-08-24,CUST640,Beauty,3,50,1249.2021
1257,2023-07-05,CUST325,Clothing,3,50,48.4814
1258,2023-01-13,CUST911,Electronics,1,50,102.1573
1259,2023-12-28,CUST398,Clothing,3,300,50.3885
1260,2023-07-14,CUST372,Beauty,3,50,99.1617
1261,2023-07-14,CUST964,Clothing,1,30,284.4427
1262,2023-10-11,CUST345,Electronics,2,30,930.5645
1263,2023-11-15,CUST975,Beauty,3,500,1281.5495
1264,2023-07-29,CUST651,Beauty,1,300,35.44
1265,2023-05-09,CUST375,Clothing,4,50,58.9753
1266,2023-08-12,CUST146,Clothing,3,500,97.8641
1267,2023-10-12,CUST324,Clothing,1,25,25.8265
1268,2023-10-07,CUST199,Electronics,1,300,102.519
1269,2023-08-28,CUST705,Clothing,4,500,93.3649
1270,2023-10-02,CUST457,Clothing,2,30,996.1864
1271,2023-08-06,CUST308,Beauty,1,30,163.7795
1272,2023-05-25,CUST560,Clothing,4,500,1954.0706
1273,2023-02-17,CUST851,Beauty,2,500,84.205
1274,2023-05-16,CUST195,Electronics,3,25,805.8729
1275,2023-01-29,CUST703,Clothing,4,30,589.8809
1276,2023-11-07,CUST224,Clothing,4,500,25.3892
1277,2023-02-28,CUST914,Electronics,4,50,275.8918
1278,2023-06-11,CUST274,Electronics,2,300,331.3968
1279,2023-02-25,CUST295,Beauty,1,50,1385.5177
1280,2023-07-19,CUST078,Beauty,2,25,60.9328
1281,2023-02-05,CUST536,Electronics,4,500,29.3495
1282,2023-01-11,CUST108,Electronics,2,30,93.8913
1283,2023-11-14,CUST462,Clothing,4,30,101.6792
1284,2023-05-17,CUST664,Clothing,3,50,47.7571
1285,2023-01-17,CUST550,Electronics,4,25,119.5214
1286,2023-02-08,CUST917,Clothing,3,25,30.1164
1287,2023-07-16,CUST424,Clothing,4,50,98.2869
1288,2023-07-15,CUST054,Electronics,4,50,1328.0323
1289,2023-12-27,CUST803,Beauty,1,300,99.8594
1290,2023-10-29,CUST045,Clothing,2,300,72.9069
1291,2023-06-19,CUST118,Beauty,4,25,91.3354
1292,2023-02-05,CUST970,Beauty,4,50,106.1769
1293,2023-12-09,CUST577,Beauty,4,500,25.6889
1294,2023-12-04,CUST581,Electronics,4,300,54.4917
1295,2023-05-26,CUST531,Beauty,4,25,260.1406
1296,2023-04-27,CUST049,Clothing,3,300,257.4918
1297,2023-05-04,CUST285,Clothing,1,500,93.5561
1298,2023-05-19,CUST039,Beauty,1,300,211.5859
1299,2023-09-15,CUST745,Electronics,2,300,74.3573
1300,2023-05-16,CUST383,Clothing,4,500,31.4165
1301,2023-12-24,CUST347,Beauty,4,300,39.7582
1302,2023-08-10,CUST615,Beauty,1,500,367.1514
1303,2023-08-05,CUST719,Electronics,3,25,29.5448
1304,2023-04-13,CUST036,Electronics,2,25,96.3315
1305,2023-11-07,CUST685,Clothing,1,500,28.1509
1306,2023-04-02,CUST312,Clothing,2,300,138.5487
1307,2023-12-15,CUST126,Beauty,3,50,46.6156
1308,2023-06-28,CUST582,Beauty,2,50,265.7305
1309,2023-05-07,CUST760,Clothing,3,50,188.6947
1310,2023-05-26,CUST116,Clothing,1,50,105.0179
1311,2023-11-19,CUST416,Clothing,2,500,102.9861
1312,2023-07-24,CUST596,Electronics,4,25,57.7536
1313,2023-02-05,CUST761,Clothing,1,500,52.6607
1314,2023-07-28,CUST450,Electronics,4,25,126.0741
1315,2023-12-07,CUST513,Electronics,4,25,442.4618
1316,2023-04-05,CUST862,Beauty,3,300,859.385
1317,2023-12-08,CUST601,Beauty,4,30,848.1279
1318,2023-09-21,CUST151,Electronics,2,25,27.3253
1319,2023-09-01,CUST953,Clothing,3,30,590.1235
1320,2023-01-30,CUST284,Clothing,4,50,101.6288
1321,2023-05-08,CUST339,Beauty,4,30,46.6113
1322,2023-01-03,CUST103,Clothing,3,300,657.2766
1323,2023-03-30,CUST446,Electronics,1,30,935.2553
1324,2023-10-14,CUST509,Clothing,4,50,62.6582
1325,2023-12-26,CUST040,Electronics,3,300,523.5578
1326,2023-09-07,CUST272,Beauty,4,25,148.4801
1327,2023-09-08,CUST201,Beauty,4,25,87.4016
1328,2023-08-22,CUST030,Clothing,4,25,67.516
1329,2023-10-26,CUST088,Clothing,1,30,55.0747
1330,2023-02-19,CUST426,Electronics,4,300,1908.2738
1331,2023-09-06,CUST971,Electronics,2,500,194.1337
1332,2023-02-02,CUST553,Electronics,2,50,141.3743
1333,2023-10-15,CUST800,Electronics,3,50,1279.3453
1334,2023-06-17,CUST404,Clothing,4,50,874.1448
1335,2023-11-14,CUST316,Beauty,1,25,29.0799
1336,2023-06-06,CUST729,Electronics,1,50,36.4839
1337,2023-10-31,CUST769,Clothing,2,50,50.5772
1338,2023-11-14,CUST812,Clothing,4,50,845.8839
1339,2023-01-07,CUST474,Electronics,4,50,42.6889
1340,2023-02-08,CUST338,Beauty,4,300,177.871
1341,2023-12-22,CUST242,Beauty,4,50,1107.9495
1342,2023-05-24,CUST166,Beauty,1,50,365.5627
1343,2023-10-29,CUST181,Beauty,1,30,95.3012
1344,2023-12-18,CUST507,Beauty,3,500,877.8348
1345,2023-10-29,CUST752,Electronics,4,300,916.6597
1346,2023-05-31,CUST215,Beauty,4,50,206.1126
1347,2023-10-04,CUST749,Beauty,2,50,60.6637
1348,2023-08-21,CUST059,Beauty,2,300,58.3532
1349,2023-08-21,CUST068,Clothing,2,500,28.5455
1350,2023-02-01,CUST539,Clothing,1,30,1993.3407
1351,2023-09-11,CUST326,Beauty,4,30,75.8209
1352,2023-08-08,CUST551,Beauty,2,300,1161.3105
1353,2023-05-23,CUST121,Electronics,3,50,1240.9976
1354,2023-04-30,CUST672,Electronics,2,300,51.2728
1355,2023-07-27,CUST131,Beauty,1,500,96.0065
1356,2023-01-01,CUST276,Clothing,4,50,918.8309
1357,2023-06-19,CUST431,Beauty,1,50,105.5354
1358,2023-10-16,CUST837,Beauty,1,30,1150.2028
1359,2023-02-11,CUST437,Electronics,2,500,948.8465
1360,2023-03-25,CUST930,Beauty,2,50,916.3386
1361,2023-12-05,CUST989,Electronics,2,25,1980.9099
1362,2023-02-27,CUST261,Clothing,3,500,949.7259
1363,2023-08-25,CUST610,Electronics,1,50,72.4608
1364,2023-02-11,CUST444,Beauty,4,50,31.7999
1365,2023-12-01,CUST435,Electronics,1,300,60.3548
1366,2023-07-05,CUST456,Beauty,3,300,193.5616
1367,2023-12-13,CUST512,Clothing,3,300,232.6313
1368,2023-12-01,CUST076,Beauty,4,50,54.9308
1369,2023-03-24,CUST309,Beauty,1,30,138.6597
1370,2023-05-28,CUST949,Beauty,1,300,26.8227
1371,2023-12-09,CUST278,Clothing,1,50,1453.8403
1372,2023-03-23,CUST888,Electronics,2,500,99.5096
1373,2023-03-31,CUST694,Electronics,2,30,1375.593
1374,2023-11-05,CUST297,Electronics,1,300,912.6337
1375,2023-08-04,CUST399,Electronics,4,50,101.7176
1376,2023-12-20,CUST632,Beauty,4,25,904.272
1377,2023-08-12,CUST641,Beauty,4,25,123.5937
1378,2023-12-29,CUST403,Clothing,1,50,102.552
1379,2023-08-03,CUST938,Electronics,3,500,25.4385
1380,2023-05-07,CUST950,Clothing,4,300,575.4632
1381,2023-12-24,CUST867,Beauty,1,300,156.7049
1382,2023-05-02,CUST327,Clothing,3,30,87.6564
1383,2023-09-28,CUST733,Beauty,4,25,101.8646
1384,2023-11-02,CUST895,Clothing,3,500,1783.6548
1385,2023-05-14,CUST410,Clothing,4,25,58.4069
1386,2023-11-22,CUST032,Electronics,1,300,96.4585
1387,2023-02-22,CUST543,Electronics,3,25,100.3968
1388,2023-04-01,CUST957,Electronics,3,300,102.19
1389,2023-04-28,CUST831,Electronics,3,300,58.3836
1390,2023-02-07,CUST899,Clothing,1,50,101.3235
1391,2023-09-09,CUST693,Clothing,2,30,35.0804
1392,2023-01-30,CUST168,Beauty,4,25,453.6683
1393,2023-02-22,CUST451,Electronics,2,500,27.9508
1394,2023-04-19,CUST920,Beauty,2,25,183.3175
1395,2023-05-27,CUST844,Clothing,1,300,153.3727
1396,2023-02-24,CUST021,Beauty,1,500,186.1218
1397,2023-01-24,CUST922,Clothing,3,300,97.3302
1398,2023-05-23,CUST349,Clothing,1,500,840.976
1399,2023-11-13,CUST519,Electronics,3,300,1177.4625
1400,2023-08-22,CUST303,Beauty,3,500,1152.5555
1401,2023-08-19,CUST728,Clothing,4,500,181.1003
1402,2023-03-18,CUST772,Electronics,4,25,127.9887
1403,2023-12-08,CUST384,Clothing,4,30,931.6571
1404,2023-06-15,CUST438,Clothing,1,30,125.3092
1405,2023-07-14,CUST713,Electronics,3,50,59.4493
1406,2023-05-19,CUST221,Electronics,4,500,104.4163
1407,2023-05-06,CUST380,Clothing,4,50,59.1344
1408,2023-04-23,CUST249,Clothing,4,50,100.2061
1409,2023-12-08,CUST542,Beauty,1,500,584.9624
1410,2023-01-14,CUST932,Clothing,3,50,533.2383
1411,2023-10-31,CUST587,Electronics,4,50,1113.2254
1412,2023-05-02,CUST941,Electronics,2,300,55.2416
1413,2023-04-05,CUST153,Electronics,2,50,58.2667
1414,2023-10-11,CUST566,Electronics,2,50,68.8452
1415,2023-04-20,CUST824,Clothing,2,50,78.061
1416,2023-12-18,CUST311,Clothing,1,500,369.4438
1417,2023-03-09,CUST546,Clothing,1,500,99.3254
1418,2023-12-02,CUST196,Electronics,2,500,1512.9669
1419,2023-05-21,CUST988,Electronics,2,300,473.5834
1420,2023-02-07,CUST334,Electronics,4,500,209.802
1421,2023-11-30,CUST638,Clothing,3,30,243.5251
1422,2023-06-29,CUST905,Beauty,2,500,1837.7072
1423,2023-05-17,CUST187,Electronics,2,50,914.5358
1424,2023-03-17,CUST493,Electronics,3,300,970.4707
1425,2023-11-28,CUST368,Electronics,4,50,91.191
1426,2023-12-09,CUST592,Clothing,4,300,98.6654
1427,2023-04-23,CUST188,Clothing,1,30,87.7982
1428,2023-03-25,CUST544,Clothing,1,30,99.4924
1429,2023-11-24,CUST182,Electronics,2,500,902.6463
1430,2023-12-23,CUST428,Electronics,4,25,27.2369
1431,2023-12-20,CUST870,Beauty,1,30,104.4951
1432,2023-10-01,CUST747,Clothing,2,30,529.5401
1433,2023-01-17,CUST051,Clothing,3,25,419.3849
1434,2023-12-12,CUST723,Clothing,1,30,161.1923
1435,2023-09-25,CUST106,Clothing,3,25,94.2408
1436,2023-07-09,CUST838,Electronics,4,50,98.7527
1437,2023-06-19,CUST210,Beauty,3,50,1331.8769
1438,2023-07-17,CUST291,Electronics,1,500,48.0524
1439,2023-07-25,CUST860,Beauty,1,50,929.0276
1440,2023-04-09,CUST755,Clothing,3,50,40.0721
1441,2023-04-04,CUST918,Clothing,3,50,1424.8661
1442,2023-07-09,CUST562,Beauty,2,30,94.0126
1443,2023-08-18,CUST145,Clothing,2,50,101.9297
1444,2023-04-12,CUST579,Beauty,1,25,258.9103
1445,2023-05-23,CUST397,Beauty,2,300,1956.2445
1446,2023-07-29,CUST699,Beauty,4,500,560.53
1447,2023-06-17,CUST213,Beauty,4,50,231.5913
1448,2023-05-08,CUST976,Clothing,1,500,472.0564
1449,2023-12-07,CUST652,Electronics,1,300,946.3338
1450,2023-05-06,CUST425,Clothing,2,25,158.1226
1451,2023-12-23,CUST561,Beauty,4,25,924.4354
1452,2023-01-05,CUST735,Electronics,3,500,53.9215
1453,2023-06-10,CUST193,Clothing,2,30,46.5419
1454,2023-10-23,CUST497,Electronics,3,25,146.1705
1455,2023-10-05,CUST692,Clothing,4,50,33.1016
1456,2023-03-22,CUST335,Clothing,3,300,98.2919
1457,2023-09-10,CUST354,Beauty,1,30,206.35
1458,2023-08-07,CUST726,Electronics,1,300,871.7771
1459,2023-10-12,CUST117,Clothing,4,500,1951.3061
1460,2023-04-24,CUST731,Electronics,3,30,108.754
1461,2023-11-01,CUST999,Electronics,2,500,190.1715
1462,2023-08-01,CUST532,Clothing,2,30,580.8913
1463,2023-05-12,CUST598,Beauty,2,25,946.6102
1464,2023-06-01,CUST933,Clothing,1,25,56.0127
1465,2023-11-27,CUST318,Clothing,1,300,94.5006
1466,2023-11-09,CUST314,Electronics,1,500,117.4672
1467,2023-08-27,CUST650,Electronics,2,30,172.3411
1468,2023-12-19,CUST684,Beauty,4,300,1988.2013
1469,2023-04-08,CUST014,Beauty,4,300,1046.3754
1470,2023-12-29,CUST167,Beauty,2,500,580.7435
1471,2023-01-30,CUST908,Clothing,3,30,95.421
1472,2023-05-23,CUST219,Electronics,2,300,1958.2335
1473,2023-09-28,CUST645,Electronics,4,30,26.4955
1474,2023-04-27,CUST584,Clothing,2,300,28.9194
1475,2023-04-24,CUST647,Beauty,2,30,80.4334
1476,2023-07-14,CUST675,Clothing,1,500,898.4332
1477,2023-07-08,CUST848,Clothing,3,300,1151.0988
1478,2023-06-20,CUST505,Clothing,2,30,102.4097
1479,2023-05-23,CUST379,Beauty,2,30,32.4208
1480,2023-09-07,CUST836,Beauty,2,50,117.5608
1481,2023-08-15,CUST667,Clothing,2,300,102.9931
1482,2023-03-25,CUST673,Electronics,4,500,534.8035
1483,2023-06-22,CUST231,Electronics,2,50,48.2756
1484,2023-01-28,CUST287,Clothing,1,500,67.9885
1485,2023-06-24,CUST348,Beauty,2,500,243.3138
1486,2023-11-27,CUST034,Clothing,1,500,25.3819
1487,2023-07-03,CUST364,Electronics,1,50,28.7848
1488,2023-06-23,CUST758,Beauty,2,300,53.5363
1489,2023-12-11,CUST313,Clothing,4,30,881.9687
1490,2023-03-07,CUST708,Clothing,2,30,923.4968
1491,2023-07-21,CUST392,Clothing,4,50,1104.5184
1492,2023-04-21,CUST535,Beauty,4,25,32.5132
1493,2023-10-25,CUST251,Clothing,3,500,1958.3714
1494,2023-12-29,CUST405,Beauty,2,500,370.4291
1495,2023-08-31,CUST683,Electronics,3,25,1954.6108
1496,2023-04-23,CUST948,Electronics,4,50,1864.0154
1497,2023-06-29,CUST624,Electronics,2,50,100.9283
1498,2023-06-10,CUST796,Beauty,1,25,919.5899
1499,2023-12-20,CUST062,Electronics,1,500,232.9104
1500,2023-09-18,CUST977,Beauty,1,50,564.8514
1501,2023-12-04,CUST067,Beauty,4,50,1476.5192
1502,2023-08-05,CUST152,Beauty,4,50,45.7321
1503,2023-12-12,CUST094,Clothing,4,500,54.4003
1504,2023-10-11,CUST344,Electronics,1,25,480.638
1505,2023-06-03,CUST101,Electronics,4,50,26.3458
1506,2023-09-25,CUST170,Beauty,4,500,105.321
1507,2023-05-05,CUST262,Electronics,2,300,97.8845
1508,2023-02-04,CUST212,Clothing,3,300,115.4809
1509,2023-11-04,CUST748,Electronics,2,30,257.8734
1510,2023-08-14,CUST487,Clothing,1,500,1412.1635
1511,2023-03-09,CUST385,Beauty,1,300,921.8702
1512,2023-03-05,CUST352,Clothing,3,30,309.9292
1513,2023-05-29,CUST158,Clothing,4,30,1172.9522
1514,2023-12-10,CUST736,Electronics,1,300,59.1838
1515,2023-05-20,CUST449,Clothing,2,25,58.4818
1516,2023-10-07,CUST315,Beauty,2,500,210.9361
1517,2023-08-06,CUST063,Clothing,3,300,426.5202
1518,2023-04-29,CUST409,Clothing,4,30,597.6606
1519,2023-10-02,CUST648,Electronics,2,30,80.0669
1520,2023-09-17,CUST849,Electronics,2,50,46.2274
1521,2023-07-28,CUST178,Clothing,3,300,919.4123
1522,2023-05-22,CUST044,Clothing,2,30,1115.4889
1523,2023-10-10,CUST841,Clothing,2,25,1882.4365
1524,2023-03-12,CUST714,Beauty,2,300,27.3218
1525,2023-03-24,CUST951,Electronics,2,300,99.6557
1526,2023-08-21,CUST819,Beauty,4,50,33.4594
1527,2023-11-05,CUST628,Clothing,2,30,947.8379
1528,2023-02-06,CUST773,Electronics,1,25,139.5977
1529,2023-07-15,CUST960,Electronics,4,500,1367.733
1530,2023-09-17,CUST634,Clothing,4,300,158.0277
1531,2023-08-15,CUST555,Beauty,1,50,175.0246
1532,2023-03-22,CUST537,Beauty,3,25,85.8467
1533,2023-07-13,CUST884,Electronics,3,25,98.8173
1534,2023-04-23,CUST482,Clothing,2,25,477.5686
1535,2023-03-21,CUST969,Electronics,2,300,1305.0776
1536,2023-01-22,CUST353,Clothing,1,500,344.6931
1537,2023-12-10,CUST208,Electronics,2,500,102.8817
1538,2023-06-18,CUST302,Electronics,3,25,903.9204
1539,2023-05-19,CUST478,Clothing,4,500,1049.3856
1540,2023-06-19,CUST223,Beauty,2,50,97.9645
1541,2023-08-05,CUST042,Beauty,3,50,1373.2653
1542,2023-12-02,CUST092,Electronics,1,30,32.42
1543,2023-07-27,CUST771,Clothing,1,50,34.434
1544,2023-05-16,CUST606,Electronics,2,300,
1545,2023-10-25,CUST843,Beauty,2,25,31.4051
1546,2023-05-16,CUST469,Beauty,4,300,32.1545
1547,2023-08-13,CUST004,Beauty,4,500,527.4984
1548,2023-08-27,CUST835,Clothing,1,500,248.6321
1549,2023-09-03,CUST916,Clothing,2,300,197.6597
1550,2023-07-27,CUST763,Clothing,1,50,676.3223
1551,2023-10-17,CUST161,Beauty,3,30,70.2206
1552,2023-02-05,CUST717,Electronics,4,30,1268.3516
1553,2023-08-21,CUST813,Electronics,4,300,88.0764
1554,2023-02-22,CUST085,Electronics,1,300,48.5386
1555,2023-02-16,CUST008,Electronics,2,300,916.2891
1556,2023-07-14,CUST993,Clothing,4,25,58.1921
1557,2023-08-29,CUST376,Clothing,4,300,30.5795
1558,2023-04-23,CUST122,Electronics,2,25,569.2034
1559,2023-05-03,CUST852,Clothing,1,500,84.7844
1560,2023-11-27,CUST282,Electronics,4,300,105.2192
1561,2023-02-17,CUST698,Electronics,2,300,1240.025
1562,2023-05-23,CUST902,Beauty,4,30,927.3594
1563,2023-02-14,CUST827,Clothing,4,30,107.8135
1564,2023-07-31,CUST214,Beauty,2,500,1662.7422
1565,2023-04-26,CUST503,Beauty,4,25,110.0032
1566,2023-12-18,CUST486,Electronics,3,300,
1567,2023-12-04,CUST468,Electronics,3,50,29.7966
1568,2023-10-16,CUST666,Clothing,3,25,1948.9863
1569,2023-04-11,CUST360,Beauty,1,300,44.3622
1570,2023-11-18,CUST680,Electronics,3,500,106.5631
1571,2023-05-13,CUST574,Electronics,2,25,134.4212
1572,2023-11-15,CUST069,Clothing,2,25,97.1716
1573,2023-04-20,CUST600,Clothing,1,50,1204.9305
1574,2023-04-09,CUST066,Clothing,4,30,1070.9856
1575,2023-01-20,CUST266,Beauty,1,50,66.5776
1576,2023-03-06,CUST218,Clothing,1,25,212.0446
1577,2023-02-24,CUST842,Electronics,3,50,1782.9485
1578,2023-10-14,CUST026,Clothing,1,25,47.2424
1579,2023-02-05,CUST483,Clothing,2,500,26.0874
1580,2023-01-04,CUST515,Electronics,3,50,93.1005
1581,2023-12-31,CUST322,Beauty,4,500,103.8346
1582,2023-01-07,CUST646,Beauty,4,25,107.3634
1583,2023-05-03,CUST799,Electronics,1,30,170.6418
1584,2023-03-23,CUST868,Clothing,1,25,202.2777
1585,2023-11-01,CUST635,Electronics,3,500,45.3295
1586,2023-10-26,CUST248,Electronics,2,50,579.4061
1587,2023-11-18,CUST440,Clothing,1,500,1027.9146
1588,2023-08-08,CUST709,Beauty,3,50,301.9797
1589,2023-12-20,CUST217,Clothing,1,25,531.728
1590,2023-07-14,CUST453,Clothing,3,25,1181.6934
1591,2023-07-09,CUST612,Beauty,2,25,98.4178
1592,2023-05-23,CUST575,Beauty,1,50,80.9369
1593,2023-03-02,CUST828,Beauty,3,500,93.384
1594,2023-11-01,CUST386,Clothing,2,25,926.544
1595,2023-10-11,CUST912,Clothing,3,500,99.4977
1596,2023-02-13,CUST281,Clothing,3,30,1438.4955
1597,2023-01-23,CUST754,Electronics,2,50,1017.3031
1598,2023-02-17,CUST356,Electronics,4,500,1935.4024
1599,2023-03-10,CUST616,Beauty,1,25,173.783
1600,2023-05-07,CUST420,Electronics,1,30,52.5721
1601,2023-08-04,CUST205,Beauty,3,300,60.2643
1602,2023-02-11,CUST982,Electronics,2,25,240.1652
1603,2023-08-15,CUST590,Beauty,2,30,235.1699
1604,2023-09-30,CUST759,Beauty,2,30,892.8952
1605,2023-08-03,CUST179,Clothing,3,500,256.5478
1606,2023-04-01,CUST081,Beauty,2,30,1095.3139
1607,2023-07-17,CUST701,Clothing,2,50,882.5946
1608,2023-05-07,CUST766,Clothing,4,30,31.2154
1609,2023-09-21,CUST472,Electronics,4,30,69.5667
1610,2023-02-25,CUST940,Beauty,3,300,44.7436
1611,2023-12-23,CUST083,Electronics,2,50,247.3473
1612,2023-06-08,CUST087,Clothing,3,50,502.1171
1613,2023-01-31,CUST622,Beauty,3,25,207.1466
1614,2023-10-16,CUST133,Beauty,2,25,294.5962
1615,2023-10-03,CUST394,Electronics,4,30,1881.3286
1616,2023-10-03,CUST147,Beauty,4,30,566.3332
1617,2023-12-10,CUST712,Electronics,2,30,62.1345
1618,2023-10-02,CUST234,Electronics,4,50,101.4099
1619,2023-07-01,CUST241,Beauty,3,25,28.5845
1620,2023-08-26,CUST985,Beauty,1,300,27.1666
1621,2023-09-17,CUST156,Clothing,4,300,493.0689
1622,2023-10-18,CUST290,Electronics,3,25,1957.0457
1623,2023-06-26,CUST279,Clothing,1,50,1218.5574
1624,2023-04-25,CUST128,Clothing,1,50,29.5098
1625,2023-02-06,CUST756,Clothing,2,30,27.2859
1626,2023-05-30,CUST678,Electronics,4,25,67.1075
1627,2023-08-24,CUST866,Clothing,3,500,75.0917
1628,2023-08-03,CUST388,Clothing,4,300,49.3056
1629,2023-11-01,CUST850,Clothing,2,25,905.0957
1630,2023-04-21,CUST464,Electronics,4,300,126.6115
1631,2023-05-23,CUST017,Clothing,4,300,901.4508
1632,2023-08-23,CUST739,Electronics,3,50,1158.6882
1633,2023-07-14,CUST629,Electronics,3,30,586.506
1634,2023-09-04,CUST029,Clothing,3,300,966.1052
1635,2023-03-20,CUST508,Electronics,2,300,31.0407
1636,2023-05-18,CUST427,Clothing,1,50,142.1484
1637,2023-01-14,CUST858,Beauty,1,500,1119.307
1638,2023-10-19,CUST412,Electronics,4,30,244.3285
1639,2023-06-09,CUST340,Electronics,2,25,103.8722
1640,2023-10-13,CUST936,Clothing,4,30,992.8058
1641,2023-05-21,CUST997,Clothing,4,50,1777.3899
1642,2023-04-10,CUST897,Clothing,2,500,29.3554
1643,2023-06-29,CUST630,Clothing,1,300,61.1861
1644,2023-06-19,CUST134,Clothing,4,300,1282.4803
1645,2023-12-03,CUST826,Beauty,3,50,555.0504
1646,2023-11-07,CUST310,Beauty,3,30,139.5066
1647,2023-09-01,CUST746,Clothing,4,300,142.2479
1648,2023-01-14,CUST107,Clothing,4,500,71.9024
1649,2023-01-06,CUST414,Beauty,3,50,128.4547
1650,2023-11-06,CUST937,Beauty,1,25,1357.3652
1651,2023-10-30,CUST095,Beauty,3,25,79.2962
1652,2023-10-04,CUST876,Clothing,4,30,87.4721
1653,2023-08-23,CUST725,Electronics,4,300,29.4656
1654,2023-01-21,CUST520,Clothing,3,30,1985.0073
1655,2023-03-03,CUST373,Beauty,3,30,54.8518
1656,2023-04-08,CUST391,Electronics,2,50,97.9889
1657,2023-01-23,CUST636,Beauty,3,30,1852.6203
1658,2023-01-31,CUST604,Beauty,1,30,970.9951
1659,2023-06-24,CUST243,Beauty,4,30,807.371
1660,2023-05-06,CUST557,Clothing,3,25,625.5113
1661,2023-07-05,CUST552,Clothing,1,500,304.8053
1662,2023-02-05,CUST172,Clothing,3,50,156.3522
1663,2023-11-02,CUST501,Electronics,3,25,103.8474
1664,2023-12-17,CUST018,Clothing,2,300,66.3189
1665,2023-04-26,CUST832,Beauty,4,25,55.4351
1666,2023-04-08,CUST966,Electronics,1,500,28.1537
1667,2023-05-01,CUST893,Beauty,3,500,32.5091
1668,2023-04-15,CUST770,Clothing,2,25,437.5652
1669,2023-01-23,CUST618,Electronics,2,25,119.3746
1670,2023-04-06,CUST887,Electronics,1,300,1264.0039
1671,2023-01-27,CUST377,Clothing,1,50,103.3485
1672,2023-03-08,CUST863,Beauty,2,30,27.5174
1673,2023-02-28,CUST359,Beauty,4,25,97.0543
1674,2023-05-10,CUST994,Beauty,4,500,266.2927
1675,2023-07-05,CUST277,Clothing,1,30,516.8481
1676,2023-06-11,CUST788,Beauty,2,30,1034.059
1677,2023-08-12,CUST173,Clothing,4,300,65.9537
1678,2023-08-29,CUST921,Beauty,4,50,38.4337
1679,2023-09-13,CUST992,Beauty,2,300,53.3722
1680,2023-04-01,CUST720,Clothing,3,500,1120.0708
1681,2023-09-06,CUST924,Electronics,1,50,1261.2486
1682,2023-05-01,CUST401,Beauty,4,300,540.698
1683,2023-10-12,CUST319,Clothing,2,30,73.5717
1684,2023-06-03,CUST825,Electronics,3,500,493.3428
1685,2023-06-07,CUST563,Beauty,1,300,99.0616
1686,2023-03-13,CUST854,Beauty,3,300,50.82
1687,2023-01-08,CUST741,Clothing,2,50,45.4505
1688,2023-12-05,CUST402,Electronics,3,25,1832.8596
1689,2023-11-21,CUST015,Beauty,3,500,877.3671
1690,2023-04-20,CUST974,Clothing,1,300,53.8246
1691,2023-10-23,CUST559,Beauty,3,25,301.8949
1692,2023-05-04,CUST962,Clothing,4,30,37.3167
1693,2023-07-11,CUST878,Clothing,4,50,100.3727
1694,2023-03-20,CUST130,Clothing,4,500,140.67
1695,2023-12-28,CUST031,Clothing,3,500,1816.8457
1696,2023-01-11,CUST429,Clothing,3,50,93.1999
1697,2023-04-12,CUST801,Clothing,3,25,99.7197
1698,2023-05-27,CUST263,Clothing,3,30,49.5286
1699,2023-06-30,CUST023,Clothing,3,25,843.2624
1700,2023-02-10,CUST783,Clothing,1,50,317.699
1701,2023-09-22,CUST046,Electronics,1,50,89.507
1702,2023-07-24,CUST751,Electronics,3,500,1953.9236
1703,2023-04-18,CUST906,Clothing,4,300,98.3782
1704,2023-02-03,CUST323,Beauty,1,300,64.762
1705,2023-01-01,CUST830,Clothing,3,300,1081.3073
1706,2023-04-29,CUST407,Clothing,3,25,892.7654
1707,2023-11-22,CUST558,Beauty,3,25,1975.7747
1708,2023-11-17,CUST877,Clothing,1,300,111.0397
1709,2023-07-11,CUST244,Clothing,1,50,100.3229
1710,2023-07-19,CUST060,Electronics,3,30,356.245
1711,2023-02-05,CUST235,Electronics,4,50,208.4744
1712,2023-11-12,CUST129,Beauty,4,30,147.6024
1713,2023-10-24,CUST658,Clothing,2,25,61.0399
1714,2023-10-24,CUST792,Clothing,3,30,1927.8336
1715,2023-11-03,CUST239,Beauty,2,300,1170.0172
1716,2023-05-20,CUST479,Electronics,1,25,65.9579
1717,2023-08-13,CUST053,Electronics,1,50,214.7743
1718,2023-01-08,CUST138,Clothing,4,50,563.5872
1719,2023-02-24,CUST113,Clothing,4,300,36.4512
1720,2023-07-26,CUST990,Electronics,3,500,572.6799
1721,2023-01-06,CUST818,Beauty,4,500,102.3576
1722,2023-07-19,CUST886,Beauty,3,50,234.1627
1723,2023-11-02,CUST626,Electronics,1,30,100.9729
1724,2023-02-13,CUST473,Beauty,3,25,227.1301
1725,2023-08-05,CUST904,Clothing,4,300,1255.7171
1726,2023-06-04,CUST216,Beauty,1,30,63.1569
1727,2023-05-22,CUST518,Beauty,3,30,96.8302
1728,2023-08-18,CUST286,Electronics,4,30,41.6659
1729,2023-05-16,CUST466,Beauty,2,300,1997.9422
1730,2023-02-22,CUST681,Beauty,3,300,96.2334
1731,2023-11-07,CUST691,Electronics,1,25,62.7477
1732,2023-05-25,CUST114,Clothing,2,50,926.3126
1733,2023-11-17,CUST700,Electronics,1,25,95.0047
1734,2023-05-15,CUST809,Clothing,4,25,124.9856
1735,2023-02-03,CUST743,Beauty,1,300,1161.0493
1736,2023-05-05,CUST642,Clothing,2,500,46.619
1737,2023-07-28,CUST704,Electronics,3,500,463.4072
1738,2023-04-19,CUST834,Beauty,1,50,68.7921
1739,2023-12-09,CUST296,Beauty,3,50,183.9344
1740,2023-05-16,CUST643,Clothing,3,300,159.7934
1741,2023-08-27,CUST662,Clothing,1,50,256.9004
1742,2023-02-26,CUST461,Clothing,4,500,51.7367
1743,2023-03-07,CUST374,Clothing,3,300,60.6837
1744,2023-11-29,CUST502,Electronics,1,30,32.8619
1745,2023-04-12,CUST470,Clothing,2,500,124.064
1746,2023-12-11,CUST259,Clothing,4,300,45.3499
1747,2023-11-07,CUST829,Beauty,3,50,930.8683
1748,2023-12-09,CUST300,Electronics,2,25,544.0357
1749,2023-08-18,CUST952,Electronics,1,50,29.3227
1750,2023-04-04,CUST742,Electronics,1,25,64.1377
1751,2023-11-23,CUST857,Electronics,2,25,1173.05
1752,2023-05-17,CUST794,Clothing,1,25,1900.4408
1753,2023-01-26,CUST371,Clothing,4,50,114.0383
1754,2023-12-14,CUST874,Beauty,2,25,548.3818
1755,2023-09-14,CUST013,Clothing,1,25,1148.0678
1756,2023-07-19,CUST226,Clothing,3,25,1759.4202
1757,2023-06-08,CUST540,Electronics,3,30,1320.1308
1758,2023-01-31,CUST495,Beauty,3,25,247.0587
1759,2023-10-04,CUST136,Clothing,3,30,62.0887
1760,2023-05-16,CUST710,Beauty,4,300,173.3028
1761,2023-04-16,CUST139,Beauty,2,300,278.5791
1762,2023-04-13,CUST229,Clothing,2,30,59.4318
1763,2023-12-06,CUST378,Clothing,4,50,567.2625
1764,2023-03-20,CUST343,Clothing,2,30,1005.0016
1765,2023-09-19,CUST945,Electronics,3,25,101.2603
1766,2023-05-31,CUST037,Electronics,1,500,902.6708
1767,2023-06-05,CUST010,Beauty,2,500,32.6197
1768,2023-06-25,CUST549,Beauty,3,500,930.0849
1769,2023-09-02,CUST744,Electronics,1,300,53.4097
1770,2023-05-02,CUST406,Clothing,2,500,26.5797
1771,2023-04-23,CUST433,Clothing,4,25,25.294
1772,2023-11-23,CUST361,Clothing,2,30,322.8903
1773,2023-04-18,CUST089,Beauty,3,25,55.2186
1774,2023-12-26,CUST569,Electronics,3,300,49.9496
1775,2023-08-09,CUST203,Clothing,4,50,62.7709
1776,2023-10-09,CUST498,Beauty,3,30,80.9051
1777,2023-06-26,CUST872,Beauty,1,500,158.7919
1778,2023-04-18,CUST528,Clothing,3,25,264.309
1779,2023-01-27,CUST724,Beauty,2,50,111.2151
1780,2023-10-04,CUST814,Beauty,4,500,570.1736
1781,2023-04-09,CUST165,Electronics,2,30,195.7126
1782,2023-12-17,CUST1000,Electronics,1,50,1201.4384
1783,2023-06-21,CUST730,Electronics,1,300,97.7706
1784,2023-02-17,CUST159,Beauty,1,30,881.3657
1785,2023-11-26,CUST791,Clothing,4,500,98.4196
1786,2023-04-20,CUST753,Electronics,4,300,1953.172
1787,2023-05-23,CUST064,Clothing,4,300,439.4819
1788,2023-01-19,CUST613,Beauty,1,30,28.3116
1789,2023-11-28,CUST595,Beauty,3,300,133.1926
1790,2023-04-04,CUST639,Clothing,4,300,79.2222
1791,2023-11-25,CUST780,Electronics,2,25,54.7737
1792,2023-08-29,CUST609,Beauty,1,300,92.7279
1793,2023-05-31,CUST787,Beauty,3,50,64.918
1794,2023-03-21,CUST523,Clothing,3,50,552.8484
1795,2023-08-04,CUST541,Electronics,4,500,42.5394
1796,2023-02-13,CUST247,Electronics,3,300,1938.7859
1797,2023-08-31,CUST328,Beauty,2,50,51.2539
1798,2023-11-02,CUST529,Electronics,4,300,50.3231
1799,2023-09-16,CUST721,Clothing,4,25,1998.9643
1800,2023-04-02,CUST961,Electronics,1,500,347.1332
1801,2023-01-16,CUST757,Clothing,1,50,1884.9958
1802,2023-10-13,CUST485,Beauty,3,500,96.8173
1803,2023-03-18,CUST965,Electronics,1,500,1780.3645
1804,2023-03-07,CUST252,Beauty,2,25,1955.4151
1805,2023-03-11,CUST847,Electronics,1,500,506.8612
1806,2023-09-29,CUST119,Clothing,1,30,147.0234
1807,2023-11-30,CUST024,Beauty,1,25,62.3287
1808,2023-01-02,CUST358,Clothing,3,25,92.2319
1809,2023-01-26,CUST494,Beauty,4,50,1395.6469
1810,2023-06-04,CUST668,Beauty,3,500,47.0842
1811,2023-02-25,CUST086,Beauty,4,50,98.5184
1812,2023-06-24,CUST305,Beauty,2,25,1888.9913
1813,2023-08-15,CUST075,Beauty,4,300,577.887
1814,2023-12-18,CUST734,Beauty,3,300,55.0892
1815,2023-11-13,CUST260,Clothing,1,500,65.5579
1816,2023-03-22,CUST607,Clothing,4,500,979.4455
1817,2023-02-08,CUST611,Electronics,3,500,65.1081
1818,2023-12-26,CUST271,Beauty,2,300,92.2019
1819,2023-07-30,CUST653,Clothing,1,25,108.449
1820,2023-07-01,CUST363,Beauty,1,25,98.0387
1821,2023-12-05,CUST983,Beauty,3,50,101.5982
1822,2023-02-11,CUST164,Electronics,3,30,855.2123
1823,2023-01-25,CUST370,Clothing,2,30,48.8332
1824,2023-03-19,CUST944,Electronics,1,30,35.2635
1825,2023-01-02,CUST043,Clothing,2,25,1598.9447
1826,2023-07-03,CUST514,Electronics,1,25,168.8701
1827,2023-08-21,CUST823,Beauty,2,300,239.475
1828,2023-10-03,CUST633,Clothing,3,25,98.543
1829,2023-01-11,CUST148,Beauty,2,25,101.3329
1830,2023-08-09,CUST820,Beauty,3,25,142.707
1831,2023-05-30,CUST492,Clothing,1,25,96.3407
1832,2023-06-09,CUST022,Clothing,4,300,57.1478
1833,2023-02-01,CUST534,Beauty,4,30,1391.4516
1834,2023-10-23,CUST111,Beauty,2,25,97.5042
1835,2023-09-18,CUST806,Beauty,3,500,173.6627
1836,2023-06-04,CUST959,Clothing,2,300,57.463
1837,2023-08-31,CUST105,Electronics,4,30,1184.5765
1838,2023-11-25,CUST627,Beauty,2,300,99.0991
1839,2023-06-22,CUST808,Electronics,4,30,37.9426
1840,2023-08-14,CUST547,Electronics,4,30,32.325
1841,2023-06-09,CUST737,Electronics,3,30,1469.7076
1842,2023-01-02,CUST768,Clothing,1,25,1731.086
1843,2023-10-19,CUST697,Beauty,2,25,1274.7844
1844,2023-12-13,CUST892,Clothing,4,30,81.3167
1845,2023-07-14,CUST793,Clothing,1,30,76.8938
1846,2023-09-29,CUST400,Beauty,3,300,313.2059
1847,2023-06-24,CUST995,Beauty,2,50,103.2357
1848,2023-12-06,CUST255,Electronics,4,50,38.5735
1849,2023-08-15,CUST661,Beauty,2,30,25.3079
1850,2023-08-05,CUST935,Beauty,3,30,892.9725
1851,2023-03-01,CUST057,Beauty,3,30,59.195
1852,2023-04-10,CUST099,Clothing,4,30,32.4442
1853,2023-06-13,CUST499,Clothing,2,500,399.5274
1854,2023-08-09,CUST530,Clothing,2,30,217.6248
1855,2023-08-26,CUST556,Electronics,2,50,107.0745
1856,2023-01-26,CUST822,Clothing,2,50,56.6635
1857,2023-05-20,CUST332,Beauty,2,25,587.6417
1858,2023-05-06,CUST185,Electronics,3,500,28.7352
1859,2023-10-04,CUST802,Beauty,4,50,1962.6383
1860,2023-09-16,CUST909,Clothing,4,50,50.1953
1861,2023-07-01,CUST623,Electronics,1,30,1531.636
1862,2023-06-10,CUST028,Clothing,1,50,1296.8114
1863,2023-06-02,CUST490,Clothing,1,500,218.8905
1864,2023-09-06,CUST955,Electronics,2,300,87.4972
1865,2023-12-06,CUST072,Beauty,1,50,1033.2739
1866,2023-01-21,CUST273,Clothing,1,50,29.2948
1867,2023-12-23,CUST093,Beauty,1,300,88.2975
1868,2023-09-08,CUST853,Electronics,2,50,67.5971
1869,2023-04-09,CUST833,Electronics,2,300,25.0428
1870,2023-08-19,CUST460,Electronics,4,300,1679.3496
1871,2023-10-20,CUST475,Electronics,2,50,48.897
1872,2023-03-04,CUST910,Clothing,2,300,915.6716
1873,2023-02-17,CUST091,Electronics,3,50,168.4747
1874,2023-02-12,CUST422,Electronics,3,500,368.4128
1875,2023-07-23,CUST614,Clothing,2,500,66.7728
1876,2023-10-11,CUST885,Clothing,1,30,108.3936
1877,2023-10-18,CUST436,Clothing,1,25,25.404
1878,2023-12-16,CUST593,Electronics,3,500,27.8232
1879,2023-10-08,CUST669,Electronics,1,500,28.244
1880,2023-08-09,CUST722,Electronics,4,30,635.9588
1881,2023-05-25,CUST096,Beauty,3,30,1760.336
1882,2023-10-22,CUST981,Clothing,1,500,32.6639
1883,2023-11-10,CUST025,Clothing,2,25,96.0131
1884,2023-02-06,CUST954,Beauty,3,300,329.0489
1885,2023-08-20,CUST001,Electronics,4,500,87.2989
1886,2023-07-22,CUST778,Clothing,3,300,101.1924
1887,2023-12-16,CUST306,Clothing,2,25,99.0221
1888,2023-12-06,CUST269,Beauty,3,25,1244.8809
1889,2023-08-05,CUST856,Clothing,4,30,917.66
1890,2023-12-05,CUST986,Electronics,3,300,541.0496
1891,2023-11-29,CUST184,Clothing,4,30,299.4923
1892,2023-11-08,CUST781,Beauty,3,50,86.6301
1893,2023-10-10,CUST480,Electronics,1,300,121.3849
1894,2023-03-28,CUST570,Clothing,1,300,98.003
1895,2023-12-23,CUST500,Electronics,1,500,26.8232
1896,2023-10-07,CUST929,Clothing,2,500,981.7939
1897,2023-12-28,CUST125,Clothing,4,500,129.5784
1898,2023-04-25,CUST861,Electronics,1,300,28.0199
1899,2023-09-18,CUST665,Clothing,4,50,172.1113
1900,2023-01-01,CUST865,Electronics,1,25,1400.6737
1901,2023-07-01,CUST175,Electronics,2,300,60.1255
1902,2023-03-01,CUST810,Clothing,4,500,256.6977
1903,2023-05-16,CUST467,Clothing,4,50,1059.511
1904,2023-08-11,CUST967,Beauty,4,25,352.6255
1905,2023-02-22,CUST418,Clothing,4,25,518.6592
1906,2023-03-03,CUST882,Beauty,1,300,254.4732
1907,2023-09-25,CUST767,Clothing,3,30,520.9813
1908,2023-04-19,CUST987,Beauty,3,30,1614.4468
1909,2023-10-11,CUST732,Beauty,2,25,222.7038
1910,2023-12-19,CUST855,Beauty,4,30,103.1769
1911,2023-05-14,CUST169,Clothing,1,30,433.9129
1912,2023-10-10,CUST275,Electronics,4,50,1216.3286
1913,2023-07-24,CUST110,Clothing,4,300,52.9422
1914,2023-10-19,CUST786,Clothing,4,30,255.1841
1915,2023-12-19,CUST011,Beauty,1,500,594.1964
1916,2023-10-09,CUST253,Beauty,3,300,54.2782
1917,2023-05-08,CUST382,Clothing,1,25,219.4963
1918,2023-03-17,CUST357,Clothing,3,50,66.4476
1919,2023-11-18,CUST476,Clothing,1,30,31.0972
1920,2023-03-13,CUST307,Electronics,3,50,146.7755
1921,2023-05-09,CUST104,Clothing,4,30,72.2793
1922,2023-07-14,CUST192,Beauty,4,300,1998.3808
1923,2023-11-21,CUST448,Beauty,3,300,98.1059
1924,2023-10-09,CUST411,Clothing,4,25,27.138
1925,2023-06-02,CUST928,Electronics,2,25,52.6793
1926,2023-01-26,CUST526,Clothing,2,25,919.0738
1927,2023-01-09,CUST637,Electronics,1,30,25.8694
1928,2023-09-09,CUST785,Electronics,3,25,66.2813
1929,2023-12-09,CUST061,Beauty,1,500,242.8746
1930,2023-10-24,CUST925,Clothing,2,30,27.9103
1931,2023-09-28,CUST580,Beauty,1,300,296.0155
1932,2023-05-08,CUST715,Clothing,2,500,1276.3134
1933,2023-03-10,CUST527,Electronics,3,25,28.0431
1934,2023-08-11,CUST511,Beauty,3,25,524.7852
1935,2023-10-03,CUST682,Clothing,2,300,113.1783
1936,2023-12-25,CUST798,Beauty,1,25,378.0877
1937,2023-06-01,CUST903,Electronics,1,500,57.3196
1938,2023-01-30,CUST821,Electronics,3,50,49.9272
1939,2023-12-15,CUST790,Electronics,3,25,1913.6693
1940,2023-10-01,CUST939,Electronics,2,25,449.0396
1941,2023-08-23,CUST795,Clothing,4,300,540.2924
1942,2023-02-24,CUST689,Beauty,3,30,268.941
1943,2023-08-28,CUST807,Electronics,3,500,187.71
1944,2023-02-01,CUST716,Beauty,4,30,1126.4481
1945,2023-12-27,CUST280,Beauty,4,50,542.185
1946,2023-02-27,CUST246,Beauty,1,500,25.2122
1947,2023-12-29,CUST702,Clothing,1,50,1964.1508
1948,2023-10-27,CUST202,Beauty,3,50,1968.7322
1949,2023-03-26,CUST009,Electronics,4,300,96.7022
1950,2023-01-28,CUST020,Clothing,4,25,94.9459
1951,2023-04-02,CUST707,Electronics,4,50,148.5997
1952,2023-05-03,CUST367,Beauty,2,300,27.6901
1953,2023-09-09,CUST690,Clothing,3,50,31.1328
1954,2023-10-11,CUST927,Electronics,2,25,286.5374
1955,2023-11-09,CUST454,Electronics,2,25,78.3494
1956,2023-07-06,CUST142,Beauty,1,500,1924.7667
1957,2023-05-18,CUST270,Clothing,3,300,51.8269
1958,2023-09-01,CUST283,Electronics,3,500,557.9741
1959,2023-08-25,CUST815,Electronics,4,500,112.1301
1960,2023-09-30,CUST510,Electronics,3,300,30.0021
1961,2023-09-05,CUST565,Clothing,4,30,104.5845
1962,2023-10-27,CUST817,Electronics,4,50,1557.6391
1963,2023-12-06,CUST619,Electronics,2,300,93.2443
1964,2023-01-13,CUST434,Electronics,1,25,30.0631
1965,2023-03-22,CUST355,Beauty,2,500,1882.9609
1966,2023-03-13,CUST459,Beauty,4,30,98.2175
1967,2023-02-02,CUST070,Electronics,3,25,25.4348
1968,2023-06-10,CUST774,Clothing,4,500,193.7166
1969,2023-08-25,CUST048,Clothing,2,500,195.948
1970,2023-01-27,CUST264,Clothing,2,300,62.649
1971,2023-06-12,CUST423,Electronics,4,500,55.297
1972,2023-11-17,CUST979,Clothing,1,500,104.0696
1973,2023-03-23,CUST441,Clothing,3,500,162.9768
1974,2023-06-06,CUST585,Beauty,2,300,200.0962
1975,2023-02-25,CUST631,Clothing,3,500,1758.3859
1976,2023-11-22,CUST366,Electronics,2,50,99.122
1977,2023-06-30,CUST484,Electronics,4,300,520.9178
1978,2023-04-09,CUST533,Electronics,2,25,58.5985
1979,2023-08-08,CUST602,Clothing,2,500,99.8346
1980,2023-12-14,CUST194,Electronics,3,30,63.8454
1981,2023-08-07,CUST141,Clothing,3,500,122.5594
1982,2023-05-08,CUST293,Electronics,1,50,71.4532
1983,2023-02-20,CUST041,Beauty,4,30,30.867
1984,2023-10-19,CUST396,Clothing,1,50,43.0206
1985,2023-10-03,CUST984,Beauty,2,25,1309.5858
1986,2023-12-02,CUST027,Electronics,2,50,1315.6512
1987,2023-07-16,CUST227,Electronics,2,500,95.5969
1988,2023-10-15,CUST740,Electronics,1,300,100.9908
1989,2023-06-22,CUST875,Electronics,1,50,131.0796
1990,2023-08-08,CUST228,Electronics,1,50,947.4807
1991,2023-03-09,CUST891,Beauty,1,25,194.3014
1992,2023-03-26,CUST289,Clothing,1,50,110.5817
1993,2023-08-27,CUST180,Beauty,2,300,97.1906
1994,2023-03-06,CUST225,Electronics,1,25,139.875
1995,2023-06-11,CUST321,Beauty,2,25,923.8488
1996,2023-05-13,CUST900,Clothing,4,25,175.792
1997,2023-05-05,CUST256,Beauty,3,300,844.091
1998,2023-10-17,CUST189,Clothing,2,25,30.3196
1999,2023-09-07,CUST439,Beauty,1,25,103.0095
2000,2023-08-04,CUST245,Clothing,3,25,165.0806
